Date,Open,High,Low,Close,Volume
2018-01-16,32347.80078125,32347.80078125,32173.900390625,32347.80078125,139863
2018-01-17,32347.80078125,32347.80078125,32347.80078125,32347.80078125,0
2018-01-18,30434.80078125,32173.900390625,29304.30078125,32173.900390625,43447
2018-01-19,32173.900390625,32173.900390625,30521.69921875,31304.30078125,22402
2018-01-22,31304.30078125,31304.30078125,31304.30078125,31304.30078125,0
2018-01-23,31304.30078125,31304.30078125,31304.30078125,31304.30078125,0
2018-01-24,31304.30078125,31304.30078125,31304.30078125,31304.30078125,0
2018-01-25,28869.599609375,30434.80078125,28782.599609375,30434.80078125,34189
2018-01-26,30434.80078125,30434.80078125,28347.80078125,29826.099609375,18791
2018-01-29,30347.80078125,30347.80078125,28695.69921875,29565.19921875,13236
2018-01-30,29565.19921875,30000.0,27826.099609375,29913.0,34707
2018-01-31,29913.0,29913.0,29130.400390625,29565.19921875,10097
2018-02-01,29565.19921875,30000.0,28087.0,29826.099609375,1311
2018-02-02,29739.099609375,29739.099609375,28087.0,28608.69921875,5094
2018-02-05,28869.599609375,29130.400390625,26608.69921875,27652.19921875,42078
2018-02-06,25739.099609375,27217.400390625,25739.099609375,27217.400390625,8682
2018-02-07,28652.19921875,28652.19921875,25739.099609375,26087.0,5888
2018-02-08,27608.69921875,27608.69921875,25391.30078125,26087.0,6336
2018-02-09,25391.30078125,25652.19921875,25043.5,25652.19921875,8740
2018-02-12,26956.5,26956.5,26782.599609375,26782.599609375,2346
2018-02-13,25217.400390625,26260.900390625,25217.400390625,26260.900390625,2369
2018-02-14,26260.900390625,26260.900390625,26260.900390625,26260.900390625,0
2018-02-15,26260.900390625,26260.900390625,26260.900390625,26260.900390625,0
2018-02-16,26260.900390625,26260.900390625,26260.900390625,26260.900390625,0
2018-02-20,26260.900390625,26260.900390625,26260.900390625,26260.900390625,0
2018-02-21,26695.69921875,26695.69921875,26087.0,26087.0,264
2018-02-22,26260.900390625,27913.0,26260.900390625,27913.0,19251
2018-02-23,27913.0,28260.900390625,27826.099609375,28260.900390625,3266
2018-02-26,28695.69921875,28695.69921875,26304.30078125,27739.099609375,7026
2018-02-27,26521.69921875,27304.30078125,26521.69921875,27304.30078125,2990
2018-02-28,27391.30078125,27391.30078125,25826.099609375,26869.599609375,782000
2018-03-01,26695.69921875,26695.69921875,25217.400390625,26695.69921875,11419
2018-03-02,26608.69921875,26608.69921875,25652.19921875,26608.69921875,5405
2018-03-05,26087.0,26956.5,26087.0,26695.69921875,7210
2018-03-06,26782.599609375,26782.599609375,25652.19921875,26521.69921875,2656
2018-03-07,26521.69921875,26521.69921875,26173.900390625,26173.900390625,1725
2018-03-08,26087.0,26347.80078125,25739.099609375,26347.80078125,4312
2018-03-09,25739.099609375,26521.69921875,25217.400390625,26478.30078125,276
2018-03-12,25652.19921875,26087.0,25652.19921875,26087.0,3530
2018-03-13,26087.0,26087.0,24260.900390625,25913.0,36409
2018-03-14,26000.0,26000.0,25217.400390625,25217.400390625,15237
2018-03-15,25304.30078125,26087.0,25304.30078125,26087.0,20263
2018-03-16,25913.0,25913.0,25565.19921875,25565.19921875,14697
2018-03-19,25652.19921875,26000.0,24347.80078125,25565.19921875,14628
2018-03-20,25521.69921875,25521.69921875,25217.400390625,25478.30078125,310
2018-03-21,25043.5,25217.400390625,25043.5,25217.400390625,2829
2018-03-22,24304.30078125,25173.900390625,24304.30078125,24521.69921875,276
2018-03-23,24347.80078125,25130.400390625,24347.80078125,25043.5,644
2018-03-26,24391.30078125,25391.30078125,24391.30078125,25391.30078125,494
2018-03-27,24521.69921875,25304.30078125,24521.69921875,25217.400390625,5336
2018-03-28,23478.30078125,25347.80078125,23478.30078125,25347.80078125,310
2018-03-29,25347.80078125,25347.80078125,25347.80078125,25347.80078125,0
2018-04-02,24521.69921875,25652.19921875,24521.69921875,25217.400390625,1506
2018-04-03,25347.80078125,25347.80078125,25304.30078125,25304.30078125,2656
2018-04-04,24521.69921875,25652.19921875,24521.69921875,25391.30078125,1759
2018-04-05,24869.599609375,25217.400390625,24782.599609375,25217.400390625,816
2018-04-06,24347.80078125,25347.80078125,24260.900390625,25217.400390625,3450
2018-04-09,24782.599609375,25217.400390625,24782.599609375,25217.400390625,4082
2018-04-10,25217.400390625,25565.19921875,24913.0,25217.400390625,4887
2018-04-11,25565.19921875,25565.19921875,25217.400390625,25217.400390625,1161
2018-04-12,24347.80078125,26087.0,24000.0,25217.400390625,12213
2018-04-13,26000.0,26000.0,24782.599609375,24782.599609375,3197
2018-04-16,25826.099609375,25826.099609375,25652.19921875,25652.19921875,34
2018-04-17,24347.80078125,25608.69921875,24347.80078125,25608.69921875,103
2018-04-18,25608.69921875,25826.099609375,25608.69921875,25826.099609375,230
2018-04-19,25826.099609375,25826.099609375,25826.099609375,25826.099609375,0
2018-04-20,24391.30078125,25565.19921875,24347.80078125,25565.19921875,126
2018-04-23,24478.30078125,25434.80078125,24478.30078125,25434.80078125,126
2018-04-24,25217.400390625,25826.099609375,23739.099609375,25217.400390625,3691
2018-04-25,25217.400390625,25217.400390625,25217.400390625,25217.400390625,0
2018-04-26,25217.400390625,25217.400390625,23478.30078125,23478.30078125,3772
2018-04-27,24913.0,24913.0,22608.69921875,24782.599609375,1391
2018-04-30,24782.599609375,24782.599609375,24782.599609375,24782.599609375,0
2018-05-01,24782.599609375,24782.599609375,24782.599609375,24782.599609375,0
2018-05-02,24782.599609375,24782.599609375,23478.30078125,24130.400390625,1196
2018-05-03,23478.30078125,24260.900390625,22695.69921875,22695.69921875,7486
2018-05-04,24130.400390625,24130.400390625,21217.400390625,22608.69921875,14892
2018-05-07,23869.599609375,23869.599609375,23652.19921875,23652.19921875,2311
2018-05-08,22173.900390625,23869.599609375,22173.900390625,23652.19921875,8751
2018-05-09,22260.900390625,23652.19921875,22260.900390625,23652.19921875,5037
2018-05-10,22087.0,23391.30078125,22087.0,23391.30078125,529
2018-05-11,23043.5,23043.5,23043.5,23043.5,115
2018-05-14,22695.69921875,23478.30078125,22608.69921875,23478.30078125,2300
2018-05-15,24217.400390625,24217.400390625,22652.19921875,23260.900390625,138
2018-05-16,23608.69921875,23608.69921875,23608.69921875,23608.69921875,11
2018-05-17,22260.900390625,23391.30078125,22260.900390625,23391.30078125,1299
2018-05-18,22130.400390625,23434.80078125,22087.0,23434.80078125,828
2018-05-21,22260.900390625,22260.900390625,22173.900390625,22260.900390625,793
2018-05-22,23043.5,23043.5,21739.099609375,22608.69921875,126
2018-05-23,23478.30078125,23478.30078125,21304.30078125,21304.30078125,126
2018-05-24,20956.5,22521.69921875,20956.5,22217.400390625,1253
2018-05-25,21304.30078125,21304.30078125,21304.30078125,21304.30078125,57
2018-05-29,20869.599609375,22956.5,20869.599609375,22956.5,368
2018-05-30,22956.5,22956.5,22956.5,22956.5,0
2018-05-31,23347.80078125,23347.80078125,23347.80078125,23347.80078125,11
2018-06-01,21739.099609375,22695.69921875,21739.099609375,22608.69921875,4772
2018-06-04,21043.5,22565.19921875,21043.5,21130.400390625,1345
2018-06-05,22565.19921875,22565.19921875,22565.19921875,22565.19921875,11
2018-06-06,21347.80078125,22521.69921875,21304.30078125,22434.80078125,2472
2018-06-07,22173.900390625,23043.5,21739.099609375,23043.5,667
2018-06-08,23478.30078125,23478.30078125,21434.80078125,23434.80078125,782
2018-06-11,23434.80078125,23434.80078125,23434.80078125,23434.80078125,0
2018-06-12,23391.30078125,23391.30078125,23391.30078125,23391.30078125,57
2018-06-13,21782.599609375,21782.599609375,21782.599609375,21782.599609375,80
2018-06-14,21782.599609375,21782.599609375,21782.599609375,21782.599609375,230
2018-06-15,20478.30078125,20956.5,20478.30078125,20956.5,1725
2018-06-18,22347.80078125,22347.80078125,21043.5,21043.5,368
2018-06-19,21130.400390625,21695.69921875,20869.599609375,21695.69921875,253
2018-06-20,22260.900390625,22260.900390625,20869.599609375,20956.5,1345
2018-06-21,20956.5,20956.5,20956.5,20956.5,1196
2018-06-22,20869.599609375,20956.5,20869.599609375,20956.5,8280
2018-06-25,20434.80078125,20869.599609375,20434.80078125,20869.599609375,3852
2018-06-26,20869.599609375,20869.599609375,20000.0,20000.0,4922
2018-06-27,21304.30078125,21347.80078125,20869.599609375,21260.900390625,678
2018-06-28,20434.80078125,20434.80078125,20000.0,20087.0,12454
2018-06-29,21391.30078125,21391.30078125,19130.400390625,20173.900390625,2196
2018-07-02,20000.0,20000.0,19130.400390625,20000.0,6578
2018-07-03,20000.0,20608.69921875,19913.0,20608.69921875,7544
2018-07-05,20782.599609375,21217.400390625,20000.0,20000.0,253
2018-07-06,20565.19921875,20565.19921875,20434.80078125,20434.80078125,299
2018-07-09,20434.80078125,20434.80078125,20173.900390625,20391.30078125,1115
2018-07-10,20000.0,20347.80078125,19913.0,20347.80078125,4243
2018-07-11,20782.599609375,20782.599609375,20782.599609375,20782.599609375,149
2018-07-12,20782.599609375,22087.0,20782.599609375,22087.0,69
2018-07-13,22087.0,22608.69921875,20608.69921875,22608.69921875,586
2018-07-16,23043.5,23043.5,21739.099609375,22173.900390625,4025
2018-07-17,22173.900390625,22173.900390625,21739.099609375,21826.099609375,655
2018-07-18,22173.900390625,22173.900390625,20391.30078125,22087.0,832
2018-07-19,20100.0,22500.0,20100.0,22500.0,8610
2018-07-20,21000.0,22500.0,21000.0,22500.0,20
2018-07-23,22500.0,22500.0,22500.0,22500.0,0
2018-07-24,22500.0,22500.0,22500.0,22500.0,0
2018-07-25,22500.0,24000.0,22000.0,23000.0,650
2018-07-26,22000.0,22000.0,22000.0,22000.0,400
2018-07-27,21500.0,23500.0,21500.0,23500.0,9430
2018-07-30,23500.0,23500.0,22800.0,22800.0,500
2018-07-31,22000.0,22500.0,22000.0,22500.0,700
2018-08-01,22500.0,22500.0,22500.0,22500.0,0
2018-08-02,21100.0,21100.0,21100.0,21100.0,110
2018-08-03,22300.0,22300.0,22300.0,22300.0,50
2018-08-06,23500.0,23500.0,23500.0,23500.0,460
2018-08-07,22000.0,22000.0,22000.0,22000.0,1820
2018-08-08,22900.0,22900.0,22900.0,22900.0,10
2018-08-09,22750.0,23000.0,21600.0,23000.0,1020
2018-08-10,21400.0,22500.0,21400.0,22500.0,1650
2018-08-13,21500.0,22400.0,21050.0,22400.0,40
2018-08-14,21500.0,22200.0,21500.0,22200.0,20
2018-08-15,21500.0,22100.0,21050.0,21050.0,880
2018-08-16,22000.0,22100.0,21000.0,22000.0,8200
2018-08-17,21900.0,22000.0,20800.0,21000.0,800
2018-08-20,21000.0,21850.0,21000.0,21850.0,1100
2018-08-21,21000.0,21900.0,21000.0,21900.0,3050
2018-08-22,21900.0,21900.0,21900.0,21900.0,0
2018-08-23,21000.0,21900.0,21000.0,21900.0,20
2018-08-24,21800.0,21900.0,21800.0,21900.0,1100
2018-08-27,21000.0,21900.0,20800.0,21900.0,110
2018-08-28,21050.0,21100.0,21000.0,21000.0,1720
2018-08-29,21000.0,21900.0,20800.0,20800.0,3380
2018-08-30,20800.0,21000.0,20600.0,20600.0,3760
2018-08-31,20600.0,21900.0,19200.0,21800.0,1340
2018-09-04,21500.0,21500.0,21000.0,21500.0,2470
2018-09-05,21000.0,21500.0,21000.0,21500.0,1640
2018-09-06,20250.0,21400.0,20250.0,21400.0,510
2018-09-07,20500.0,21300.0,20500.0,21300.0,510
2018-09-10,21400.0,21400.0,21400.0,21400.0,1000
2018-09-11,20800.0,21500.0,20800.0,20800.0,4300
2018-09-12,21000.0,21500.0,20950.0,21500.0,980
2018-09-13,21500.0,21500.0,21000.0,21000.0,740
2018-09-14,21000.0,21200.0,21000.0,21000.0,3630
2018-09-17,21100.0,21100.0,20650.0,20650.0,1590
2018-09-18,20700.0,21400.0,20650.0,21400.0,1090
2018-09-19,21400.0,21400.0,21400.0,21400.0,0
2018-09-20,20100.0,21500.0,20100.0,21500.0,12100
2018-09-21,21500.0,21600.0,21500.0,21600.0,3950
2018-09-24,21500.0,21800.0,21500.0,21800.0,3790
2018-09-25,21650.0,21650.0,21000.0,21500.0,10130
2018-09-26,21500.0,21500.0,21200.0,21500.0,9200
2018-09-27,21500.0,21600.0,21500.0,21500.0,6280
2018-09-28,21500.0,21500.0,21200.0,21500.0,1900
2018-10-01,21500.0,21500.0,21200.0,21200.0,10000
2018-10-02,21200.0,21200.0,21200.0,21200.0,1060
2018-10-03,21200.0,21200.0,21200.0,21200.0,100
2018-10-04,21200.0,21200.0,21200.0,21200.0,0
2018-10-05,21000.0,21000.0,20800.0,20800.0,4000
2018-10-08,21400.0,21400.0,21400.0,21400.0,10
2018-10-09,21200.0,21200.0,21200.0,21200.0,30
2018-10-10,20900.0,20900.0,20300.0,20300.0,6620
2018-10-11,18900.0,21000.0,18900.0,21000.0,1630
2018-10-12,20000.0,20800.0,20000.0,20800.0,6820
2018-10-15,20100.0,20500.0,20100.0,20500.0,700
2018-10-16,20900.0,20900.0,20500.0,20900.0,5020
2018-10-17,20900.0,20900.0,20900.0,20900.0,100
2018-10-18,20900.0,20900.0,20800.0,20800.0,2710
2018-10-19,21500.0,21500.0,21500.0,21500.0,500
2018-10-22,21500.0,21500.0,21500.0,21500.0,200
2018-10-23,20600.0,21300.0,20600.0,21300.0,1140
2018-10-24,20500.0,20900.0,20500.0,20900.0,360
2018-10-25,21400.0,21400.0,20100.0,21300.0,30
2018-10-26,21000.0,21250.0,20600.0,20600.0,1070
2018-10-29,20700.0,20700.0,20700.0,20700.0,1100
2018-10-30,21300.0,21300.0,21300.0,21300.0,10
2018-10-31,20500.0,21000.0,20500.0,21000.0,1100
2018-11-01,20600.0,20600.0,20500.0,20500.0,1230
2018-11-02,21000.0,21000.0,21000.0,21000.0,10
2018-11-05,20500.0,20500.0,20500.0,20500.0,4000
2018-11-06,20500.0,20500.0,20500.0,20500.0,2300
2018-11-07,19100.0,20500.0,19100.0,20500.0,110
2018-11-08,20500.0,20500.0,20300.0,20300.0,990
2018-11-09,20500.0,20500.0,20300.0,20300.0,1090
2018-11-12,20000.0,20000.0,20000.0,20000.0,500
2018-11-13,20300.0,20300.0,20300.0,20300.0,10
2018-11-14,20300.0,20300.0,20300.0,20300.0,0
2018-11-15,20000.0,20300.0,20000.0,20300.0,1510
2018-11-16,20100.0,20400.0,20100.0,20400.0,1330
2018-11-19,20400.0,20400.0,20400.0,20400.0,2000
2018-11-20,20400.0,20500.0,20200.0,20500.0,8560
2018-11-21,20500.0,21200.0,20500.0,20600.0,8150
2018-11-23,21300.0,21300.0,21300.0,21300.0,1120
2018-11-26,21300.0,21800.0,21000.0,21000.0,12000
2018-11-27,21000.0,21800.0,21000.0,21800.0,770
2018-11-28,21200.0,21200.0,21000.0,21000.0,4380
2018-11-29,21050.0,21450.0,21050.0,21450.0,390
2018-11-30,21450.0,22500.0,21450.0,22500.0,14820
2018-12-03,22000.0,22500.0,21000.0,22500.0,5520
2018-12-04,22500.0,22500.0,22500.0,22500.0,0
2018-12-06,21300.0,21300.0,21000.0,21000.0,1250
2018-12-07,21500.0,21500.0,21500.0,21500.0,10
2018-12-10,21500.0,21500.0,21500.0,21500.0,0
2018-12-11,21500.0,21500.0,21500.0,21500.0,0
2018-12-12,21500.0,21500.0,21500.0,21500.0,0
2018-12-13,20450.0,21000.0,20000.0,21000.0,7700
2018-12-14,21000.0,21000.0,21000.0,21000.0,0
2018-12-17,21000.0,21000.0,21000.0,21000.0,0
2018-12-18,20400.0,20500.0,20400.0,20500.0,2840
2018-12-19,20500.0,20500.0,20500.0,20500.0,610
2018-12-20,20500.0,20500.0,20500.0,20500.0,20
2018-12-21,20500.0,20500.0,20500.0,20500.0,1950
2018-12-24,20400.0,20500.0,20400.0,20500.0,11310
2018-12-26,20500.0,20500.0,20000.0,20000.0,810
2018-12-27,20000.0,20000.0,20000.0,20000.0,500
2018-12-28,19500.0,19500.0,19500.0,19500.0,30000
2018-12-31,19500.0,19500.0,19500.0,19500.0,0
2019-01-02,20500.0,20500.0,19500.0,19500.0,1060
2019-01-03,20000.0,20000.0,20000.0,20000.0,10
2019-01-04,20000.0,20000.0,20000.0,20000.0,0
2019-01-07,20000.0,20000.0,20000.0,20000.0,600
2019-01-08,20000.0,20000.0,20000.0,20000.0,140
2019-01-09,20000.0,20000.0,20000.0,20000.0,0
2019-01-10,18750.0,18750.0,18750.0,18750.0,10
2019-01-11,18550.0,20000.0,18500.0,20000.0,580
2019-01-14,20000.0,20000.0,20000.0,20000.0,0
2019-01-15,19950.0,19950.0,19950.0,19950.0,10
2019-01-16,19950.0,19950.0,19950.0,19950.0,20
2019-01-17,19950.0,19950.0,19950.0,19950.0,0
2019-01-18,19950.0,19950.0,19950.0,19950.0,0
2019-01-22,19250.0,19250.0,19250.0,19250.0,20
2019-01-23,20500.0,20500.0,20500.0,20500.0,1240
2019-01-24,20500.0,20500.0,20500.0,20500.0,0
2019-01-25,20000.0,20000.0,20000.0,20000.0,100
2019-01-28,20000.0,20000.0,20000.0,20000.0,0
2019-01-29,20000.0,20000.0,20000.0,20000.0,0
2019-01-30,20000.0,20000.0,20000.0,20000.0,100
2019-01-31,20000.0,20000.0,20000.0,20000.0,0
2019-02-01,20000.0,20000.0,20000.0,20000.0,0
2019-02-04,20000.0,20000.0,20000.0,20000.0,0
2019-02-05,20000.0,20000.0,20000.0,20000.0,0
2019-02-06,20000.0,20000.0,20000.0,20000.0,0
2019-02-07,20000.0,20000.0,20000.0,20000.0,0
2019-02-08,20000.0,20000.0,20000.0,20000.0,0
2019-02-11,20000.0,20000.0,20000.0,20000.0,0
2019-02-12,20000.0,20000.0,20000.0,20000.0,0
2019-02-13,19600.0,19600.0,19600.0,19600.0,70
2019-02-14,19600.0,19600.0,19600.0,19600.0,50
2019-02-15,19600.0,19600.0,19600.0,19600.0,0
2019-02-19,18600.0,19000.0,18600.0,19000.0,1690
2019-02-20,19000.0,19000.0,19000.0,19000.0,510
2019-02-21,19000.0,19000.0,19000.0,19000.0,0
2019-02-22,19000.0,19000.0,19000.0,19000.0,0
2019-02-25,19000.0,19000.0,18900.0,19000.0,1040
2019-02-26,20100.0,20100.0,20100.0,20100.0,70
2019-02-27,20100.0,20100.0,20100.0,20100.0,0
2019-02-28,19000.0,19000.0,18800.0,18800.0,2000
2019-03-01,20000.0,20000.0,20000.0,20000.0,10
2019-03-04,20000.0,20000.0,20000.0,20000.0,0
2019-03-05,20000.0,20000.0,20000.0,20000.0,0
2019-03-06,19000.0,19000.0,19000.0,19000.0,1410
2019-03-07,19000.0,19000.0,19000.0,19000.0,0
2019-03-08,19000.0,19000.0,19000.0,19000.0,0
2019-03-11,18950.0,18950.0,18700.0,18700.0,3180
2019-03-12,18700.0,18700.0,18000.0,18000.0,3400
2019-03-13,18950.0,18950.0,18700.0,18700.0,670
2019-03-14,18700.0,18700.0,18700.0,18700.0,0
2019-03-15,18000.0,18000.0,17400.0,17400.0,20120
2019-03-18,17400.0,17500.0,17400.0,17500.0,250
2019-03-19,18400.0,18700.0,18400.0,18700.0,720
2019-03-20,19500.0,19500.0,18600.0,19500.0,2210
2019-03-21,19500.0,19500.0,18200.0,18200.0,5420
2019-03-22,18200.0,18200.0,18200.0,18200.0,0
2019-03-25,17500.0,18500.0,17500.0,18500.0,3430
2019-03-26,18500.0,18500.0,18300.0,18300.0,6800
2019-03-27,18300.0,18950.0,18000.0,18000.0,2230
2019-03-28,18000.0,18000.0,18000.0,18000.0,0
2019-03-29,18600.0,18600.0,18500.0,18500.0,520
2019-04-01,17550.0,17950.0,17250.0,17500.0,27600
2019-04-02,17500.0,17500.0,17000.0,17000.0,4250
2019-04-03,16800.0,17100.0,16800.0,17100.0,7080
2019-04-04,17300.0,17300.0,17100.0,17300.0,240
2019-04-05,18350.0,18350.0,17500.0,18300.0,2030
2019-04-08,18300.0,18300.0,18300.0,18300.0,0
2019-04-09,17100.0,18200.0,17100.0,17350.0,5610
2019-04-10,17000.0,17500.0,17000.0,17500.0,2010
2019-04-11,17500.0,17500.0,17500.0,17500.0,0
2019-04-12,16800.0,16800.0,16800.0,16800.0,10
2019-04-15,16800.0,16800.0,16800.0,16800.0,0
2019-04-16,17300.0,17700.0,17300.0,17700.0,630
2019-04-17,17300.0,17300.0,17300.0,17300.0,160
2019-04-18,17250.0,17250.0,16800.0,17250.0,2380
2019-04-22,17300.0,17300.0,17300.0,17300.0,0
2019-04-23,16200.0,17200.0,16150.0,17200.0,2810
2019-04-24,16600.0,17150.0,16600.0,17150.0,1010
2019-04-25,17150.0,17150.0,16800.0,16800.0,110
2019-04-26,16400.0,17200.0,16400.0,17200.0,990
2019-04-29,17200.0,17200.0,17200.0,17200.0,0
2019-04-30,17200.0,17200.0,17200.0,17200.0,0
2019-05-01,17200.0,17200.0,17200.0,17200.0,0
2019-05-02,16800.0,16800.0,16500.0,16500.0,2480
2019-05-03,16700.0,16700.0,16500.0,16500.0,2510
2019-05-06,16700.0,16700.0,16450.0,16450.0,8790
2019-05-07,16450.0,16450.0,16450.0,16450.0,0
2019-05-08,16000.0,16700.0,16000.0,16700.0,530
2019-05-09,16700.0,16900.0,16700.0,16900.0,3100
2019-05-10,16900.0,17000.0,16900.0,17000.0,2200
2019-05-13,17000.0,17000.0,16800.0,16800.0,1040
2019-05-14,16800.0,17000.0,16250.0,16250.0,5960
2019-05-15,16950.0,16950.0,16900.0,16950.0,4090
2019-05-16,16900.0,16900.0,16900.0,16900.0,7150
2019-05-17,16850.0,17000.0,16850.0,17000.0,3390
2019-05-20,17400.0,17400.0,17400.0,17400.0,8200
2019-05-21,17200.0,17200.0,17050.0,17050.0,1920
2019-05-22,17350.0,17400.0,17100.0,17400.0,4630
2019-05-23,17000.0,17400.0,17000.0,17100.0,2610
2019-05-24,18000.0,18000.0,17000.0,18000.0,1750
2019-05-28,18000.0,18100.0,18000.0,18100.0,1410
2019-05-29,18200.0,18600.0,18200.0,18600.0,11780
2019-05-30,18500.0,18600.0,18200.0,18500.0,1060
2019-05-31,18500.0,18500.0,18250.0,18250.0,6420
2019-06-03,18250.0,18250.0,18250.0,18250.0,0
2019-06-04,17500.0,17500.0,17500.0,17500.0,440
2019-06-05,17500.0,17500.0,17500.0,17500.0,0
2019-06-06,17500.0,17500.0,17100.0,17100.0,1000
2019-06-07,18200.0,18200.0,18200.0,18200.0,10
2019-06-10,17200.0,17200.0,17200.0,17200.0,300
2019-06-11,17900.0,17900.0,17900.0,17900.0,5750
2019-06-12,18400.0,18400.0,18400.0,18400.0,10
2019-06-13,18000.0,18000.0,17900.0,17900.0,7310
2019-06-14,18200.0,18200.0,18200.0,18200.0,90
2019-06-17,18200.0,18200.0,18200.0,18200.0,0
2019-06-18,18200.0,18200.0,18200.0,18200.0,0
2019-06-19,18000.0,18200.0,18000.0,18200.0,2540
2019-06-20,18200.0,18200.0,18200.0,18200.0,0
2019-06-21,18200.0,18200.0,18200.0,18200.0,0
2019-06-24,17500.0,18200.0,17500.0,18200.0,120
2019-06-25,18200.0,18200.0,18200.0,18200.0,0
2019-06-26,18200.0,18200.0,18200.0,18200.0,0
2019-06-27,18200.0,18200.0,18200.0,18200.0,0
2019-06-28,18200.0,18200.0,18200.0,18200.0,0
2019-07-01,18200.0,18200.0,18200.0,18200.0,0
2019-07-02,18200.0,18200.0,18200.0,18200.0,0
2019-07-03,17900.0,17900.0,17900.0,17900.0,600
2019-07-05,17900.0,17900.0,17900.0,17900.0,0
2019-07-08,17900.0,17900.0,17900.0,17900.0,0
2019-07-09,17900.0,17900.0,17900.0,17900.0,0
2019-07-10,17900.0,17900.0,17900.0,17900.0,0
2019-07-11,17900.0,17900.0,17900.0,17900.0,0
2019-07-12,17900.0,17900.0,17900.0,17900.0,0
2019-07-15,17900.0,17900.0,17900.0,17900.0,0
2019-07-16,17900.0,17900.0,17900.0,17900.0,0
2019-07-17,16900.0,16900.0,16900.0,16900.0,20
2019-07-18,17850.0,17850.0,17800.0,17800.0,570
2019-07-19,17800.0,17800.0,17800.0,17800.0,0
2019-07-22,17800.0,17800.0,17800.0,17800.0,0
2019-07-23,17800.0,17800.0,17800.0,17800.0,0
2019-07-24,18000.0,18000.0,18000.0,18000.0,10
2019-07-25,18000.0,18000.0,18000.0,18000.0,0
2019-07-26,18000.0,18000.0,18000.0,18000.0,0
2019-07-29,18000.0,18000.0,18000.0,18000.0,0
2019-07-30,18000.0,18000.0,18000.0,18000.0,0
2019-07-31,17500.0,17500.0,17500.0,17500.0,180
2019-08-01,17500.0,17500.0,17500.0,17500.0,0
2019-08-02,17500.0,17500.0,17500.0,17500.0,0
2019-08-05,17800.0,18700.0,16600.0,18700.0,1300
2019-08-06,18500.0,18500.0,18500.0,18500.0,20
2019-08-07,18500.0,18500.0,18500.0,18500.0,0
2019-08-08,18500.0,18500.0,18500.0,18500.0,0
2019-08-09,18500.0,18500.0,18500.0,18500.0,0
2019-08-12,18500.0,18500.0,18500.0,18500.0,0
2019-08-13,18500.0,18500.0,18500.0,18500.0,0
2019-08-14,18500.0,18500.0,18500.0,18500.0,0
2019-08-15,18500.0,18500.0,18500.0,18500.0,100
2019-08-16,18500.0,18500.0,18500.0,18500.0,0
2019-08-19,18500.0,18500.0,18500.0,18500.0,0
2019-08-20,18500.0,18500.0,18500.0,18500.0,0
2019-08-21,18500.0,18500.0,18500.0,18500.0,0
2019-08-22,18500.0,18500.0,18500.0,18500.0,0
2019-08-23,17900.0,17900.0,17700.0,17700.0,200
2019-08-26,17700.0,18600.0,17650.0,18600.0,870
2019-08-27,18600.0,18600.0,18600.0,18600.0,10
2019-08-28,18600.0,18600.0,18600.0,18600.0,0
2019-08-29,17400.0,17400.0,17400.0,17400.0,20
2019-08-30,17400.0,17400.0,17400.0,17400.0,0
2019-09-03,18500.0,18600.0,18500.0,18600.0,100
2019-09-04,18600.0,18600.0,18600.0,18600.0,0
2019-09-05,18600.0,18600.0,18600.0,18600.0,0
2019-09-06,18600.0,18600.0,18600.0,18600.0,0
2019-09-09,18600.0,19200.0,18600.0,19200.0,3150
2019-09-10,18200.0,18700.0,18200.0,18700.0,3400
2019-09-11,18500.0,18600.0,18500.0,18600.0,2980
2019-09-12,18600.0,18600.0,18600.0,18600.0,80
2019-09-13,19600.0,19600.0,19600.0,19600.0,20
2019-09-16,19600.0,19600.0,19600.0,19600.0,10
2019-09-17,19200.0,19200.0,18800.0,18800.0,1070
2019-09-18,18800.0,18800.0,18100.0,18100.0,9220
2019-09-19,18100.0,18100.0,18100.0,18100.0,0
2019-09-20,16100.0,17750.0,16100.0,17750.0,4970
2019-09-23,16600.0,17750.0,16600.0,17750.0,30
2019-09-24,17750.0,17750.0,17750.0,17750.0,0
2019-09-25,17750.0,17750.0,17750.0,17750.0,0
2019-09-26,16550.0,17350.0,16550.0,17350.0,570
2019-09-27,16800.0,16800.0,16800.0,16800.0,400
2019-09-30,16800.0,16800.0,16800.0,16800.0,0
2019-10-01,16800.0,16800.0,16800.0,16800.0,0
2019-10-02,15700.0,17500.0,15700.0,17300.0,30
2019-10-03,17300.0,17300.0,17300.0,17300.0,0
2019-10-04,17000.0,17500.0,17000.0,17500.0,4500
2019-10-07,17500.0,17500.0,17500.0,17500.0,0
2019-10-08,17500.0,17500.0,17500.0,17500.0,0
2019-10-09,17500.0,17500.0,17500.0,17500.0,0
2019-10-10,16450.0,16450.0,16400.0,16400.0,500
2019-10-11,16500.0,17400.0,16500.0,17400.0,20
2019-10-14,17400.0,17400.0,17400.0,17400.0,0
2019-10-15,16500.0,16500.0,16500.0,16500.0,20
2019-10-16,16300.0,16300.0,16300.0,16300.0,20
2019-10-17,17000.0,17000.0,17000.0,17000.0,20
2019-10-18,16300.0,16300.0,16300.0,16300.0,10
2019-10-21,16300.0,16300.0,16300.0,16300.0,0
2019-10-22,17000.0,17300.0,16000.0,16000.0,110
2019-10-23,16000.0,16000.0,16000.0,16000.0,600
2019-10-24,16000.0,16100.0,15900.0,16000.0,700
2019-10-25,16000.0,16000.0,16000.0,16000.0,0
2019-10-28,16000.0,16000.0,16000.0,16000.0,0
2019-10-29,16000.0,17000.0,16000.0,17000.0,510
2019-10-30,17000.0,17000.0,17000.0,17000.0,0
2019-10-31,17900.0,17900.0,17900.0,17900.0,10
2019-11-01,17900.0,17900.0,17900.0,17900.0,0
2019-11-04,18400.0,18400.0,18400.0,18400.0,10
2019-11-05,18400.0,18400.0,18400.0,18400.0,0
2019-11-06,18400.0,18400.0,18400.0,18400.0,0
2019-11-07,17200.0,17200.0,17200.0,17200.0,10
2019-11-08,16100.0,18000.0,16100.0,18000.0,20
2019-11-11,18000.0,18000.0,18000.0,18000.0,0
2019-11-12,17000.0,17000.0,16900.0,16900.0,10140
2019-11-13,17000.0,17000.0,17000.0,17000.0,10560
2019-11-14,17000.0,17000.0,17000.0,17000.0,0
2019-11-15,16100.0,16150.0,16100.0,16150.0,560
2019-11-18,16000.0,17200.0,16000.0,17200.0,190
2019-11-19,17200.0,17200.0,17200.0,17200.0,0
2019-11-20,16200.0,16200.0,16200.0,16200.0,100
2019-11-21,17000.0,17000.0,17000.0,17000.0,100
2019-11-22,17000.0,17000.0,17000.0,17000.0,0
2019-11-25,17000.0,17000.0,17000.0,17000.0,0
2019-11-26,16900.0,17300.0,16900.0,17300.0,500
2019-11-27,17000.0,17900.0,17000.0,17800.0,150
2019-11-29,17800.0,17800.0,17800.0,17800.0,0
2019-12-02,16600.0,17800.0,16600.0,17800.0,610
2019-12-06,17300.0,17300.0,17300.0,17300.0,0
2019-12-09,17300.0,17300.0,17300.0,17300.0,0
2019-12-10,17300.0,17300.0,17300.0,17300.0,0
2019-12-11,17300.0,17300.0,17300.0,17300.0,0
2019-12-12,17000.0,17300.0,17000.0,17300.0,13500
2019-12-13,17300.0,17300.0,17300.0,17300.0,0
2019-12-16,17300.0,17300.0,17300.0,17300.0,0
2019-12-17,17300.0,17300.0,17300.0,17300.0,0
2019-12-18,17300.0,17300.0,17300.0,17300.0,0
2019-12-19,17300.0,17300.0,17300.0,17300.0,100
2019-12-20,17300.0,17300.0,17300.0,17300.0,0
2019-12-23,17300.0,17300.0,17300.0,17300.0,0
2019-12-24,17300.0,17300.0,17300.0,17300.0,0
2019-12-26,18000.0,18000.0,18000.0,18000.0,0
2019-12-27,18000.0,18000.0,18000.0,18000.0,0
2019-12-30,18000.0,18000.0,18000.0,18000.0,0
2019-12-31,18000.0,18000.0,18000.0,18000.0,0
2020-01-02,18000.0,18000.0,18000.0,18000.0,0
2020-01-03,18000.0,18000.0,18000.0,18000.0,0
2020-01-06,18000.0,18000.0,18000.0,18000.0,20
2020-01-07,16750.0,17900.0,16750.0,17900.0,20
2020-01-08,17900.0,17900.0,17900.0,17900.0,0
2020-01-09,17000.0,17000.0,16800.0,16800.0,2300
2020-01-10,16900.0,16900.0,16900.0,16900.0,10
2020-01-13,16900.0,16900.0,16900.0,16900.0,0
2020-01-14,16900.0,16900.0,16900.0,16900.0,0
2020-01-15,16900.0,16900.0,16900.0,16900.0,0
2020-01-16,15800.0,16750.0,15800.0,15800.0,320
2020-01-17,16000.0,16000.0,16000.0,16000.0,20
2020-01-21,16000.0,16000.0,16000.0,16000.0,0
2020-01-22,16950.0,16950.0,16950.0,16950.0,10
2020-01-23,16950.0,16950.0,16950.0,16950.0,0
2020-01-24,16950.0,16950.0,16950.0,16950.0,0
2020-01-27,16950.0,16950.0,16950.0,16950.0,0
2020-01-28,16950.0,16950.0,16950.0,16950.0,0
2020-01-29,16950.0,16950.0,16950.0,16950.0,0
2020-01-30,15800.0,15800.0,15800.0,15800.0,1280
2020-01-31,15800.0,15800.0,15800.0,15800.0,900
2020-02-03,16500.0,16500.0,16500.0,16500.0,100
2020-02-04,16500.0,16500.0,16500.0,16500.0,0
2020-02-05,16500.0,16500.0,16500.0,16500.0,0
2020-02-06,16500.0,16500.0,16500.0,16500.0,0
2020-02-07,16900.0,16900.0,16900.0,16900.0,10
2020-02-10,16900.0,16900.0,16900.0,16900.0,0
2020-02-11,16700.0,16800.0,16700.0,16800.0,510
2020-02-12,15650.0,17000.0,15650.0,17000.0,1010
2020-02-13,16000.0,16000.0,16000.0,16000.0,500
2020-02-14,16000.0,16000.0,16000.0,16000.0,0
2020-02-18,12068.099609375,12068.099609375,11309.099609375,11309.099609375,17272
2020-02-19,11916.2998046875,11916.2998046875,10929.599609375,11233.2001953125,8063
2020-02-20,11764.5,11764.5,11764.5,11764.5,13
2020-02-21,11954.2001953125,11954.2001953125,11954.2001953125,11954.2001953125,13
2020-02-24,11954.2001953125,11954.2001953125,11119.2998046875,11650.599609375,7668
2020-02-25,11650.599609375,11650.599609375,11650.599609375,11650.599609375,0
2020-02-26,10853.7001953125,11916.2998046875,10853.7001953125,11878.2998046875,1357
2020-02-27,11764.5,11764.5,11764.5,11764.5,13
2020-02-28,11688.599609375,12561.400390625,11688.599609375,12447.599609375,434
2020-03-02,11612.7001953125,12827.099609375,11612.7001953125,11612.7001953125,2542
2020-03-03,11385.0,11385.0,11385.0,11385.0,14123
2020-03-04,14000.0,14900.0,14000.0,14900.0,160
2020-03-05,11309.099609375,11309.099609375,11309.099609375,11309.099609375,0
2020-03-06,10626.0,11309.099609375,10626.0,11309.099609375,4611
2020-03-09,11309.099609375,11309.099609375,11309.099609375,11309.099609375,0
2020-03-10,10550.099609375,12068.099609375,10550.099609375,12068.099609375,2687
2020-03-11,12144.0,12144.0,12144.0,12144.0,13
2020-03-12,11992.2001953125,11992.2001953125,11764.5,11992.2001953125,79934
2020-03-13,11157.2998046875,11157.2998046875,11157.2998046875,11157.2998046875,8827
2020-03-16,10398.2998046875,10550.099609375,10398.2998046875,10550.099609375,39
2020-03-17,10094.7001953125,10094.7001953125,10094.7001953125,10094.7001953125,92
2020-03-18,10094.7001953125,10132.599609375,10094.7001953125,10132.599609375,5942
2020-03-19,10132.599609375,10777.7998046875,10132.599609375,10398.2998046875,11133
2020-03-20,10701.900390625,11119.2998046875,10701.900390625,11119.2998046875,4031
2020-03-23,10360.2998046875,11878.2998046875,10360.2998046875,11840.400390625,17747
2020-03-24,12144.0,12144.0,11385.0,11992.2001953125,8669
2020-03-25,12068.099609375,12144.0,11992.2001953125,11992.2001953125,7022
2020-03-26,11157.2998046875,11157.2998046875,11157.2998046875,11157.2998046875,5217
2020-03-27,10626.0,11916.2998046875,10626.0,11916.2998046875,13214
2020-03-30,11916.2998046875,11916.2998046875,11157.2998046875,11157.2998046875,5283
2020-03-31,11043.400390625,11043.400390625,10626.0,10626.0,39
2020-04-01,10626.0,11347.0,10246.5,10246.5,3478
2020-04-02,10246.5,10246.5,10246.5,10246.5,0
2020-04-03,10929.599609375,10929.599609375,10929.599609375,10929.599609375,13
2020-04-06,11688.599609375,11688.599609375,11688.599609375,11688.599609375,13
2020-04-07,11688.599609375,11688.599609375,11688.599609375,11688.599609375,0
2020-04-08,10929.599609375,10929.599609375,10929.599609375,10929.599609375,3017
2020-04-09,10929.599609375,10929.599609375,10929.599609375,10929.599609375,0
2020-04-13,10929.599609375,10929.599609375,10626.0,10626.0,18603
2020-04-14,11309.099609375,11309.099609375,11309.099609375,11309.099609375,13
2020-04-15,11309.099609375,11309.099609375,11309.099609375,11309.099609375,0
2020-04-16,11309.099609375,11309.099609375,11309.099609375,11309.099609375,0
2020-04-17,11309.099609375,11309.099609375,11309.099609375,11309.099609375,0
2020-04-20,11688.599609375,11688.599609375,11688.599609375,11688.599609375,13
2020-04-21,11688.599609375,11688.599609375,11688.599609375,11688.599609375,0
2020-04-22,11688.599609375,11688.599609375,11688.599609375,11688.599609375,0
2020-04-23,11688.599609375,11688.599609375,11688.599609375,11688.599609375,0
2020-04-24,12144.0,12144.0,11612.7001953125,12068.099609375,4637
2020-04-27,11309.099609375,11309.099609375,11309.099609375,11309.099609375,13175
2020-04-28,11309.099609375,11764.5,11309.099609375,11764.5,790
2020-04-29,12068.099609375,12068.099609375,11005.5,11005.5,285903
2020-04-30,11005.5,11005.5,11005.5,11005.5,0
2020-05-01,11005.5,11005.5,11005.5,11005.5,0
2020-05-04,11005.5,11005.5,11005.5,11005.5,13
2020-05-05,11005.5,11764.5,11005.5,11764.5,263
2020-05-06,11764.5,11764.5,11764.5,11764.5,0
2020-05-07,12068.099609375,12068.099609375,11612.7001953125,11612.7001953125,210
2020-05-08,11954.2001953125,11954.2001953125,11612.7001953125,11612.7001953125,737
2020-05-11,11916.2998046875,11916.2998046875,11916.2998046875,11916.2998046875,13
2020-05-12,11536.7998046875,11536.7998046875,11536.7998046875,11536.7998046875,52
2020-05-13,11536.7998046875,11916.2998046875,11536.7998046875,11916.2998046875,1357
2020-05-14,11992.2001953125,11992.2001953125,11916.2998046875,11916.2998046875,158
2020-05-15,11916.2998046875,11916.2998046875,11916.2998046875,11916.2998046875,0
2020-05-18,11916.2998046875,11916.2998046875,11916.2998046875,11916.2998046875,0
2020-05-19,11157.2998046875,11157.2998046875,11157.2998046875,11157.2998046875,830
2020-05-20,11157.2998046875,11157.2998046875,11157.2998046875,11157.2998046875,0
2020-05-21,11081.400390625,11081.400390625,11005.5,11005.5,487
2020-05-22,11233.2001953125,11233.2001953125,11081.400390625,11081.400390625,1449
2020-05-26,11385.0,11385.0,11385.0,11385.0,0
2020-05-27,11764.5,12144.0,11385.0,11688.599609375,2529
2020-05-28,11764.5,11764.5,11764.5,11764.5,1357
2020-05-29,11764.5,11764.5,11764.5,11764.5,1001
2020-06-01,11764.5,11764.5,11764.5,11764.5,237
2020-06-02,11764.5,11764.5,11764.5,11764.5,0
2020-06-03,12068.099609375,12068.099609375,12068.099609375,12068.099609375,13
2020-06-04,12447.599609375,12447.599609375,12447.599609375,12447.599609375,13
2020-06-05,12447.599609375,12447.599609375,12447.599609375,12447.599609375,0
2020-06-08,12447.599609375,12447.599609375,12447.599609375,12447.599609375,0
2020-06-09,12447.599609375,12447.599609375,12447.599609375,12447.599609375,0
2020-06-10,12827.099609375,13396.2998046875,12827.099609375,13396.2998046875,3096
2020-06-11,14041.5,14041.5,12523.5,12523.5,382
2020-06-12,12523.5,12523.5,12523.5,12523.5,0
2020-06-15,12144.0,12144.0,11764.5,11764.5,1409
2020-06-16,11764.5,11764.5,11385.0,11385.0,12002
2020-06-17,11385.0,11385.0,11385.0,11385.0,1317
2020-06-18,11385.0,11385.0,11385.0,11385.0,0
2020-06-19,11536.7998046875,12068.099609375,11498.7998046875,12068.099609375,2055
2020-06-22,12827.099609375,12827.099609375,12827.099609375,12827.099609375,26
2020-06-23,12827.099609375,12827.099609375,12827.099609375,12827.099609375,0
2020-06-24,12827.099609375,12827.099609375,12827.099609375,12827.099609375,131
2020-06-25,12827.099609375,12827.099609375,12827.099609375,12827.099609375,0
2020-06-26,11954.2001953125,12827.099609375,11954.2001953125,12827.099609375,9591
2020-06-29,12827.099609375,12827.099609375,12827.099609375,12827.099609375,0
2020-06-30,12827.099609375,12827.099609375,12827.099609375,12827.099609375,0
2020-07-01,12827.099609375,12827.099609375,12827.099609375,12827.099609375,0
2020-07-02,12827.099609375,12827.099609375,12827.099609375,12827.099609375,0
2020-07-06,12447.599609375,12447.599609375,11119.2998046875,11119.2998046875,39
2020-07-07,11385.0,11840.400390625,11385.0,11840.400390625,39
2020-07-08,11043.400390625,11043.400390625,11043.400390625,11043.400390625,13
2020-07-09,11802.400390625,11802.400390625,11802.400390625,11802.400390625,26
2020-07-10,11802.400390625,11802.400390625,11802.400390625,11802.400390625,0
2020-07-13,11802.400390625,11802.400390625,11802.400390625,11802.400390625,0
2020-07-14,11802.400390625,11802.400390625,11802.400390625,11802.400390625,0
2020-07-15,11802.400390625,11802.400390625,11802.400390625,11802.400390625,0
2020-07-16,11385.0,11764.5,11385.0,11764.5,11805
2020-07-17,11764.5,11764.5,11764.5,11764.5,0
2020-07-20,11764.5,11764.5,11764.5,11764.5,0
2020-07-21,11385.0,12295.7998046875,11385.0,12295.7998046875,4229
2020-07-22,12523.5,12523.5,12523.5,12523.5,26
2020-07-23,12675.2998046875,13396.2998046875,12675.2998046875,13396.2998046875,10224
2020-07-24,14307.099609375,14307.099609375,14307.099609375,14307.099609375,13
2020-07-27,15255.900390625,15255.900390625,15255.900390625,15255.900390625,1515
2020-07-28,15180.0,15180.0,14193.2998046875,14193.2998046875,15955
2020-07-29,13206.599609375,13206.599609375,13206.599609375,13206.599609375,3201
2020-07-30,13206.599609375,13206.599609375,13206.599609375,13206.599609375,0
2020-07-31,12751.2001953125,12751.2001953125,12409.599609375,12675.2998046875,13359
2020-08-03,13282.5,13282.5,13282.5,13282.5,13
2020-08-04,14041.5,14041.5,12675.2998046875,12903.0,70092
2020-08-05,12903.0,13662.0,12903.0,13662.0,3834
2020-08-06,14421.0,14421.0,14421.0,14421.0,13
2020-08-07,14421.0,14421.0,14421.0,14421.0,0
2020-08-10,13737.900390625,13737.900390625,13434.2998046875,13434.2998046875,329
2020-08-11,13434.2998046875,13434.2998046875,13434.2998046875,13434.2998046875,13
2020-08-12,12978.900390625,13662.0,12903.0,13662.0,3306
2020-08-13,12903.0,13624.0,12903.0,13624.0,144
2020-08-14,13624.0,13624.0,13586.099609375,13586.099609375,382
2020-08-17,13586.099609375,13586.099609375,13586.099609375,13586.099609375,0
2020-08-18,13548.099609375,13586.099609375,12751.2001953125,12751.2001953125,276
2020-08-19,13624.0,13624.0,12903.0,13510.2001953125,2793
2020-08-20,12978.900390625,13434.2998046875,12903.0,13434.2998046875,1870
2020-08-21,13358.400390625,13965.599609375,13358.400390625,13662.0,4677
2020-08-24,13510.2001953125,14421.0,13510.2001953125,14345.099609375,10118
2020-08-25,14041.5,14345.099609375,13889.7001953125,14041.5,17628
2020-08-26,14648.7001953125,14990.2001953125,14193.2998046875,14990.2001953125,26890
2020-08-27,16014.900390625,16014.900390625,16014.900390625,16014.900390625,9934
2020-08-28,17115.400390625,17115.400390625,17115.400390625,17115.400390625,17997
2020-08-31,18291.900390625,18291.900390625,17153.400390625,18291.900390625,141370
2020-09-01,18595.5,18595.5,18291.900390625,18291.900390625,23636
2020-09-02,18291.900390625,18291.900390625,18291.900390625,18291.900390625,0
2020-09-03,18367.80078125,18367.80078125,18216.0,18216.0,44005
2020-09-04,17912.400390625,18216.0,17912.400390625,18216.0,46021
2020-09-08,18216.0,18216.0,18102.099609375,18102.099609375,7536
2020-09-09,18216.0,18291.900390625,18216.0,18216.0,14176
2020-09-10,18064.19921875,18216.0,18064.19921875,18140.099609375,40896
2020-09-11,18140.099609375,19392.400390625,18140.099609375,19392.400390625,84018
2020-09-14,20113.5,20113.5,19354.5,19392.400390625,6350
2020-09-15,19278.599609375,19278.599609375,18975.0,18975.0,6785
2020-09-16,18975.0,18975.0,18216.0,18216.0,27654
2020-09-17,18216.0,18216.0,18064.19921875,18064.19921875,48774
2020-09-18,18064.19921875,18216.0,18064.19921875,18216.0,6047
2020-09-21,18178.0,18178.0,18064.19921875,18178.0,7101
2020-09-22,18178.0,18216.0,18064.19921875,18064.19921875,5335
2020-09-23,18102.099609375,18291.900390625,18102.099609375,18140.099609375,1805
2020-09-24,18178.0,18178.0,18064.19921875,18064.19921875,3965
2020-09-25,18064.19921875,18064.19921875,17836.5,17836.5,4993
2020-09-28,17684.69921875,18747.30078125,17684.69921875,18595.5,45691
2020-09-29,18747.30078125,18747.30078125,18519.599609375,18747.30078125,10237
2020-09-30,18671.400390625,18671.400390625,18519.599609375,18519.599609375,8642
2020-10-01,18975.0,18975.0,18443.69921875,18595.5,3399
2020-10-02,18595.5,18671.400390625,17836.5,18671.400390625,19855
2020-10-05,18975.0,19734.0,18975.0,19734.0,36917
2020-10-06,20341.19921875,21100.19921875,19961.69921875,21100.19921875,52002
2020-10-07,21176.099609375,22390.400390625,21176.099609375,21783.30078125,56363
2020-10-08,22011.0,22390.400390625,22011.0,22162.80078125,118313
2020-10-09,22011.0,22086.900390625,21024.30078125,21024.30078125,45744
2020-10-12,22390.400390625,22390.400390625,21441.69921875,21745.30078125,80869
2020-10-13,21745.30078125,22011.0,21327.900390625,21631.5,83564
2020-10-14,21000.0,21100.0,19400.0,19400.0,57390
2020-10-15,18300.0,18600.0,18050.0,18200.0,14880
2020-10-16,17000.0,18200.0,17000.0,17900.0,12290
2020-10-19,17900.0,17900.0,17000.0,17000.0,6480
2020-10-20,16300.0,17200.0,16300.0,17200.0,16550
2020-10-21,17850.0,18400.0,17500.0,18400.0,13070
2020-10-22,19600.0,19650.0,19000.0,19500.0,38930
2020-10-23,19500.0,20200.0,19500.0,19900.0,18760
2020-10-26,19900.0,19900.0,18550.0,18550.0,9910
2020-10-27,17500.0,18500.0,17500.0,17600.0,8540
2020-10-28,17600.0,17900.0,17300.0,17500.0,4340
2020-10-29,17500.0,17500.0,17400.0,17500.0,14740
2020-10-30,17600.0,18600.0,17600.0,18200.0,6900
2020-11-02,18200.0,18200.0,17050.0,18000.0,8450
2020-11-03,17200.0,17950.0,17200.0,17950.0,6430
2020-11-04,18000.0,18450.0,18000.0,18450.0,3420
2020-11-05,18000.0,18400.0,18000.0,18400.0,2560
2020-11-06,18400.0,18400.0,17350.0,18000.0,17530
2020-11-09,18000.0,18200.0,17500.0,18000.0,8260
2020-11-10,18000.0,18000.0,17600.0,17600.0,10930
2020-11-11,17600.0,18000.0,17600.0,18000.0,1160
2020-11-12,17800.0,18000.0,17800.0,17850.0,10290
2020-11-13,18000.0,18000.0,17800.0,17850.0,7200
2020-11-16,17800.0,17900.0,17500.0,17500.0,11860
2020-11-17,17500.0,18000.0,17500.0,17800.0,14430
2020-11-18,18000.0,18000.0,17500.0,18000.0,39600
2020-11-19,18000.0,18100.0,17700.0,17700.0,26360
2020-11-20,17600.0,18000.0,17500.0,18000.0,3920
2020-11-23,18000.0,18000.0,17500.0,17800.0,16510
2020-11-24,17800.0,17900.0,17500.0,17800.0,7700
2020-11-25,17850.0,17850.0,17500.0,17500.0,2700
2020-11-27,18000.0,18200.0,17800.0,17800.0,44690
2020-11-30,18000.0,18100.0,17700.0,18000.0,44460
2020-12-01,18300.0,18300.0,17900.0,18300.0,13050
2020-12-02,18200.0,18300.0,18000.0,18300.0,23490
2020-12-03,18000.0,19550.0,18000.0,19550.0,70490
2020-12-04,20450.0,20500.0,19550.0,20200.0,26720
2020-12-07,20200.0,21100.0,20200.0,20600.0,55390
2020-12-08,20600.0,20750.0,19700.0,19800.0,45650
2020-12-09,20200.0,20500.0,20000.0,20100.0,22090
2020-12-10,20100.0,20100.0,19750.0,20000.0,27580
2020-12-11,19800.0,20500.0,19750.0,20500.0,16980
2020-12-14,20500.0,20500.0,19950.0,20300.0,41640
2020-12-15,20000.0,20200.0,20000.0,20000.0,22800
2020-12-16,20000.0,20000.0,19800.0,19800.0,37220
2020-12-17,19900.0,21000.0,19900.0,20300.0,67160
2020-12-18,20000.0,20300.0,20000.0,20100.0,16910
2020-12-21,20200.0,20500.0,20100.0,20500.0,19110
2020-12-22,20500.0,20500.0,20500.0,20500.0,0
2020-12-23,20500.0,20600.0,20000.0,20200.0,30570
2020-12-24,20200.0,20200.0,19300.0,19700.0,30590
2020-12-28,19900.0,20000.0,19800.0,19900.0,10380
2020-12-29,19700.0,20100.0,19700.0,19900.0,15380
2020-12-30,19900.0,20400.0,19900.0,20200.0,5080
2020-12-31,19900.0,20500.0,19800.0,20200.0,8480
2021-01-04,20300.0,21600.0,20150.0,20800.0,5030
2021-01-05,20800.0,20800.0,20500.0,20500.0,1930
2021-01-06,20500.0,20500.0,20300.0,20400.0,1630
2021-01-07,20400.0,20400.0,20000.0,20350.0,1750
2021-01-08,20100.0,20800.0,20100.0,20350.0,3480
2021-01-11,20350.0,20350.0,20000.0,20300.0,5370
2021-01-12,20350.0,20700.0,20000.0,20500.0,4150
2021-01-13,20500.0,20600.0,20200.0,20200.0,4540
2021-01-14,20400.0,21600.0,20400.0,21600.0,12550
2021-01-15,23000.0,23100.0,22800.0,23000.0,18080
2021-01-19,23000.0,23000.0,21950.0,21950.0,6990
2021-01-20,21850.0,21900.0,20450.0,20800.0,3600
2021-01-21,20800.0,22000.0,20800.0,22000.0,3960
2021-01-22,22000.0,22900.0,21100.0,21700.0,2240
2021-01-25,21700.0,21700.0,20500.0,21450.0,10530
2021-01-26,21450.0,21450.0,20500.0,20650.0,2270
2021-01-27,20500.0,21500.0,20500.0,20500.0,3920
2021-01-28,20100.0,20500.0,19100.0,19100.0,3220
2021-01-29,17800.0,20100.0,17800.0,19900.0,4650
2021-02-01,19900.0,20000.0,18600.0,18600.0,4330
2021-02-02,18600.0,19000.0,18400.0,19000.0,1070
2021-02-03,19000.0,19500.0,19000.0,19500.0,1850
2021-02-04,19500.0,19500.0,19100.0,19200.0,1660
2021-02-05,19200.0,19500.0,19100.0,19400.0,2020
2021-02-08,20000.0,20400.0,19300.0,19400.0,8460
2021-02-09,19400.0,19400.0,19400.0,19400.0,0
2021-02-10,19400.0,19400.0,19400.0,19400.0,0
2021-02-11,19400.0,19400.0,19400.0,19400.0,0
2021-02-12,19400.0,19400.0,19400.0,19400.0,0
2021-02-16,19400.0,19400.0,19400.0,19400.0,0
2021-02-17,21800.0,21800.0,21150.0,21700.0,5900
2021-02-18,22600.0,22600.0,22000.0,22200.0,6740
2021-02-19,22200.0,23750.0,22200.0,23700.0,16220
2021-02-22,25350.0,25350.0,24100.0,24800.0,15840
2021-02-23,24800.0,26300.0,24800.0,25700.0,7490
2021-02-24,26000.0,26000.0,24500.0,24950.0,590000
2021-02-25,25550.0,25550.0,23250.0,24600.0,633000
2021-02-26,25000.0,25000.0,23800.0,25000.0,4600
2021-03-01,25500.0,26000.0,25000.0,25200.0,8750
2021-03-02,26400.0,26400.0,25100.0,26100.0,6800
2021-03-03,26400.0,26400.0,25500.0,25500.0,3630
2021-03-04,25400.0,26000.0,25000.0,25100.0,2520
2021-03-05,25000.0,25500.0,24500.0,25300.0,3260
2021-03-08,24500.0,26100.0,24500.0,26000.0,6990
2021-03-09,26000.0,27800.0,25600.0,27800.0,16800
2021-03-10,29700.0,29700.0,29700.0,29700.0,5740
2021-03-11,31750.0,31750.0,31750.0,31750.0,2930
2021-03-12,33950.0,33950.0,29550.0,33800.0,24620
2021-03-15,36000.0,36150.0,36000.0,36150.0,11510
2021-03-16,38650.0,38650.0,38000.0,38650.0,7570
2021-03-17,41350.0,41350.0,41100.0,41350.0,6480
2021-03-18,44150.0,44200.0,44000.0,44200.0,20320
2021-03-19,44000.0,44000.0,41150.0,41150.0,30790
2021-03-22,38300.0,38300.0,38300.0,38300.0,2340
2021-03-23,35650.0,35650.0,35650.0,35650.0,1380
2021-03-24,33200.0,33200.0,33200.0,33200.0,2850
2021-03-25,30900.0,35500.0,30900.0,35500.0,41310
2021-03-26,35500.0,37950.0,35500.0,37950.0,13700
2021-03-29,39950.0,40500.0,37100.0,38500.0,10580
2021-03-30,36950.0,37100.0,36100.0,36500.0,10010
2021-03-31,36500.0,38000.0,34500.0,37300.0,4170
2021-04-01,35600.0,37000.0,35600.0,35750.0,5760
2021-04-05,35700.0,36050.0,35000.0,35250.0,5200
2021-04-06,35250.0,35250.0,33500.0,34000.0,8690
2021-04-07,34000.0,34000.0,32400.0,33000.0,10660
2021-04-08,32600.0,33000.0,32400.0,32700.0,7560
2021-04-09,33000.0,33900.0,33000.0,33400.0,13030
2021-04-12,34000.0,34000.0,33300.0,33400.0,14460
2021-04-13,33500.0,33500.0,31200.0,32400.0,12250
2021-04-14,32400.0,32400.0,30300.0,31500.0,10610
2021-04-15,31500.0,32000.0,29800.0,30100.0,14150
2021-04-16,29100.0,30300.0,28000.0,28600.0,12740
2021-04-19,28600.0,30600.0,27000.0,30600.0,10310
2021-04-20,32000.0,32600.0,30600.0,31500.0,12330
2021-04-21,31500.0,31500.0,31500.0,31500.0,0
2021-04-22,31500.0,31500.0,29400.0,29500.0,3700
2021-04-23,29000.0,29500.0,27600.0,29000.0,4190
2021-04-26,30000.0,30000.0,27000.0,27000.0,6800
2021-04-27,27000.0,28500.0,27000.0,28100.0,3790
2021-04-28,29000.0,29200.0,28300.0,28500.0,2510
2021-04-29,29300.0,29300.0,28550.0,29000.0,2460
2021-04-30,29000.0,29000.0,29000.0,29000.0,0
2021-05-03,29000.0,29000.0,29000.0,29000.0,0
2021-05-04,27200.0,28750.0,27200.0,28400.0,3230
2021-05-05,28100.0,29000.0,27550.0,27600.0,7830
2021-05-06,28700.0,28700.0,27500.0,27500.0,3440
2021-05-07,27500.0,27850.0,27050.0,27050.0,3540
2021-05-10,25650.0,26800.0,25650.0,25850.0,5490
2021-05-11,25850.0,26900.0,25850.0,26200.0,2670
2021-05-12,26100.0,27500.0,26000.0,27400.0,4580
2021-05-13,27350.0,29300.0,27100.0,29300.0,4590
2021-05-14,30900.0,30900.0,29400.0,29700.0,4450
2021-05-17,29300.0,29300.0,27700.0,28600.0,2340
2021-05-18,28600.0,28600.0,27000.0,27900.0,2470
2021-05-19,27500.0,27500.0,26050.0,26750.0,8370
2021-05-20,26750.0,26900.0,26000.0,26650.0,3490
2021-05-21,27000.0,27600.0,26050.0,27600.0,5100
2021-05-24,27400.0,28000.0,27400.0,27950.0,2440
2021-05-25,27950.0,28500.0,27750.0,27900.0,3110
2021-05-26,26650.0,28000.0,26600.0,27900.0,2700
2021-05-27,27900.0,27900.0,27000.0,27000.0,3040
2021-05-28,27000.0,27000.0,26250.0,26700.0,5250
2021-06-01,24600.0,26000.0,24600.0,25800.0,3300
2021-06-02,25800.0,27600.0,25800.0,27600.0,4290
2021-06-03,29400.0,29400.0,28000.0,28500.0,3670
2021-06-04,28500.0,28500.0,26900.0,27000.0,3980
2021-06-07,27200.0,27200.0,26800.0,27100.0,43800
2021-06-08,27100.0,27100.0,27100.0,27100.0,0
2021-06-09,26600.0,26900.0,26300.0,26300.0,21000
2021-06-10,27800.0,27800.0,26300.0,27000.0,32300
2021-06-11,26000.0,27150.0,26000.0,26700.0,21300
2021-06-14,27000.0,27500.0,26500.0,26500.0,35600
2021-06-15,26500.0,26750.0,26250.0,26300.0,22100
2021-06-16,26100.0,26700.0,25500.0,26000.0,136000
2021-06-17,26000.0,26500.0,25800.0,26000.0,41300
2021-06-18,26100.0,26500.0,25900.0,26100.0,73300
2021-06-21,26100.0,27000.0,25700.0,26900.0,391800
2021-06-22,27600.0,27600.0,25950.0,26200.0,269200
2021-06-29,24900.0,25500.0,23500.0,24200.0,88000
2021-06-30,23900.0,24000.0,23600.0,23600.0,110000
2021-07-01,23600.0,24400.0,23500.0,23800.0,44800
2021-07-02,23800.0,24000.0,23600.0,23900.0,43200
2021-07-06,23900.0,23900.0,23900.0,23900.0,0
2021-07-07,23900.0,23900.0,23900.0,23900.0,0
2021-07-08,23900.0,23900.0,23900.0,23900.0,0
2021-07-09,21050.0,21050.0,20500.0,20600.0,32600
2021-07-12,20600.0,20600.0,20600.0,20600.0,0
2021-07-13,19150.0,19800.0,19050.0,19700.0,13300
2021-07-14,19700.0,19700.0,19700.0,19700.0,0
2021-07-15,21600.0,21600.0,20800.0,21300.0,19100
2021-07-16,21300.0,21300.0,21300.0,21300.0,0
2021-07-19,21000.0,21000.0,20300.0,20900.0,22500
2021-07-20,20150.0,20900.0,20150.0,20700.0,15300
2021-07-21,21150.0,21150.0,20600.0,20600.0,8400
2021-07-22,20500.0,21000.0,20400.0,20800.0,24900
2021-07-23,20800.0,21000.0,20700.0,21000.0,15300
2021-07-26,21000.0,21500.0,20800.0,21500.0,19600
2021-07-27,21900.0,21900.0,21250.0,21450.0,13100
2021-07-28,21750.0,21750.0,20700.0,21000.0,39900
2021-07-29,20900.0,21000.0,20500.0,20650.0,17600
2021-07-30,20650.0,21150.0,20650.0,21000.0,42400
2021-08-02,21000.0,21000.0,21000.0,21000.0,0
2021-08-03,20900.0,21000.0,20400.0,21000.0,45900
2021-08-04,21000.0,21000.0,21000.0,21000.0,0
2021-08-05,20400.0,20650.0,20000.0,20600.0,38500
2021-08-06,20600.0,22000.0,20100.0,22000.0,125600
2021-08-09,23100.0,23500.0,23050.0,23500.0,20000
2021-08-10,23500.0,23500.0,23500.0,23500.0,0
2021-08-11,24200.0,24200.0,22850.0,23000.0,77200
2021-08-12,21600.0,23800.0,21500.0,23500.0,63800
2021-08-13,22800.0,23350.0,22500.0,23350.0,29500
2021-08-16,23000.0,24000.0,21850.0,23600.0,86200
2021-08-17,23600.0,23600.0,23600.0,23600.0,0
2021-08-18,23450.0,23450.0,22900.0,22900.0,32300
2021-08-19,22900.0,23000.0,22200.0,22850.0,42900
2021-08-20,22600.0,22950.0,22000.0,22500.0,77300
2021-08-23,22100.0,22600.0,21200.0,22200.0,36400
2021-08-24,22200.0,22200.0,21450.0,21600.0,33600
2021-08-25,21900.0,22500.0,21600.0,22100.0,17400
2021-08-26,22100.0,23000.0,22100.0,22800.0,32100
2021-08-27,23000.0,23000.0,22500.0,22800.0,10400
2021-08-30,23000.0,23500.0,22550.0,23100.0,67800
2021-08-31,23200.0,23200.0,22750.0,22800.0,33200
2021-09-01,22800.0,23500.0,22800.0,23450.0,53500
2021-09-02,23450.0,23450.0,23450.0,23450.0,0
2021-09-03,23450.0,23450.0,23450.0,23450.0,0
2021-09-07,26750.0,26750.0,24900.0,24900.0,95900
2021-09-08,24900.0,24900.0,24900.0,24900.0,0
2021-09-09,25500.0,26850.0,25500.0,26800.0,132400
2021-09-10,27000.0,27350.0,26100.0,26450.0,63300
2021-09-13,26450.0,26450.0,25400.0,25550.0,36800
2021-09-14,25350.0,25900.0,24550.0,24600.0,56000
2021-09-15,24600.0,26000.0,24000.0,25700.0,44700
2021-09-16,25700.0,25800.0,25150.0,25700.0,26700
2021-09-17,26000.0,26000.0,24900.0,25000.0,169300
2021-09-20,24750.0,24750.0,23300.0,23500.0,206900
2021-09-21,23500.0,23500.0,23500.0,23500.0,0
2021-09-22,23500.0,23500.0,23500.0,23500.0,0
2021-09-23,23600.0,23800.0,23300.0,23400.0,90600
2021-09-24,23400.0,23400.0,22450.0,22450.0,10840000
2021-09-27,22450.0,23000.0,22000.0,22300.0,117400
2021-09-28,21400.0,22300.0,21400.0,21700.0,34600
2021-09-29,21650.0,22400.0,21600.0,22150.0,32000
2021-09-30,22500.0,22500.0,22150.0,22150.0,9400
2021-10-01,22150.0,22500.0,21700.0,22100.0,19300
2021-10-04,21650.0,22000.0,21500.0,21600.0,3730000
2021-10-05,21600.0,22500.0,21500.0,22150.0,34900
2021-10-06,22150.0,22150.0,22150.0,22150.0,0
2021-10-07,23400.0,23600.0,23000.0,23500.0,57600
2021-10-08,23500.0,23500.0,23500.0,23500.0,0
2021-10-11,23500.0,23500.0,23500.0,23500.0,0
2021-10-12,23000.0,23400.0,22750.0,23000.0,24700
2021-10-13,23500.0,23700.0,23350.0,23350.0,44100
2021-10-14,23350.0,23350.0,23350.0,23350.0,0
2021-10-15,23100.0,23800.0,23100.0,23400.0,58300
2021-10-18,23400.0,23400.0,23400.0,23400.0,0
2021-10-19,23000.0,23500.0,23000.0,23200.0,36900
2021-10-20,23200.0,23200.0,22700.0,23000.0,63600
2021-10-21,23200.0,23200.0,22600.0,22850.0,71000
2021-10-22,23200.0,24400.0,23000.0,24400.0,100600
2021-10-25,24400.0,24400.0,24400.0,24400.0,0
2021-10-26,24400.0,24400.0,24400.0,24400.0,0
2021-10-27,24400.0,24400.0,24400.0,24400.0,0
2021-10-28,30600.0,30600.0,30500.0,30600.0,1348700
2021-10-29,32700.0,32700.0,32200.0,32700.0,646200
2021-11-01,32700.0,32700.0,32700.0,32700.0,0
2021-11-02,37350.0,37350.0,37350.0,37350.0,181400
2021-11-03,39950.0,39950.0,34750.0,34750.0,1127400
2021-11-04,32350.0,37150.0,32350.0,37150.0,935500
2021-11-05,39650.0,39700.0,37200.0,37600.0,302600
2021-11-08,37600.0,38500.0,37000.0,37600.0,257800
2021-11-09,37600.0,37600.0,36350.0,36400.0,263000
2021-11-10,36000.0,36500.0,34850.0,35500.0,314400
2021-11-11,35300.0,37950.0,35300.0,37650.0,297500
2021-11-12,37900.0,38500.0,36500.0,37500.0,253200
2021-11-15,37500.0,38000.0,36500.0,36700.0,383600
2021-11-16,36000.0,36500.0,34150.0,35150.0,302400
2021-11-17,35100.0,35100.0,33600.0,33850.0,275900
2021-11-18,33300.0,36200.0,33300.0,36200.0,327500
2021-11-19,37500.0,38700.0,36000.0,37000.0,645500
2021-11-22,37500.0,37500.0,34600.0,34600.0,143900
2021-11-23,34500.0,34650.0,32250.0,34600.0,138900
2021-11-24,36000.0,36000.0,33800.0,33800.0,102300
2021-11-26,38050.0,38050.0,34900.0,36200.0,136500
2021-11-29,35500.0,35500.0,32300.0,34400.0,109300
2021-11-30,34500.0,35900.0,33500.0,34400.0,187600
2021-12-01,34400.0,34400.0,32800.0,33000.0,194100
2021-12-02,33000.0,33000.0,32300.0,32500.0,133600
2021-12-03,32500.0,32900.0,30500.0,30650.0,217200
2021-12-06,29500.0,30600.0,28550.0,28550.0,153200
2021-12-07,29500.0,30300.0,28400.0,30300.0,131000
2021-12-08,30500.0,31550.0,29700.0,30200.0,78400
2021-12-09,31000.0,31000.0,30200.0,30350.0,52300
2021-12-10,30500.0,30550.0,29500.0,30150.0,56000
2021-12-13,31000.0,31500.0,28100.0,30000.0,180800
2021-12-14,30500.0,31100.0,30000.0,30800.0,123100
2021-12-15,30000.0,30400.0,29600.0,30000.0,119500
2021-12-16,30000.0,30200.0,29300.0,30000.0,134000
2021-12-17,29700.0,30350.0,29050.0,29050.0,314400
2021-12-20,29250.0,30450.0,28000.0,29150.0,223900
2021-12-21,29150.0,29800.0,28600.0,29800.0,164000
2021-12-22,29800.0,31850.0,29800.0,31850.0,424200
2021-12-23,34050.0,34050.0,32000.0,34050.0,451000
2021-12-27,33150.0,35000.0,32100.0,34000.0,179700
2021-12-28,35800.0,35800.0,32800.0,33500.0,322700
2021-12-29,33000.0,33500.0,31500.0,31850.0,333400
2021-12-30,30900.0,31850.0,30900.0,31300.0,118800
2021-12-31,31100.0,33450.0,31000.0,33450.0,102200
2022-01-04,34000.0,35750.0,32900.0,34300.0,299100
2022-01-05,34700.0,35500.0,34450.0,34800.0,287200
2022-01-06,35100.0,35100.0,34000.0,34500.0,241200
2022-01-07,34200.0,36900.0,34200.0,36900.0,537500
2022-01-10,39450.0,39450.0,39450.0,39450.0,269200
2022-01-11,42200.0,42200.0,40000.0,42200.0,1162800
2022-01-12,42200.0,43550.0,39250.0,39250.0,607400
2022-01-13,39250.0,40250.0,36550.0,36550.0,289000
2022-01-14,34000.0,39000.0,34000.0,34450.0,382600
2022-01-18,30050.0,31000.0,29850.0,29850.0,183600
2022-01-19,27800.0,28250.0,27800.0,27800.0,312500
2022-01-20,26000.0,29700.0,26000.0,29700.0,103000
2022-01-21,31600.0,31750.0,31000.0,31750.0,88800
2022-01-24,31800.0,31800.0,29550.0,29550.0,162100
2022-01-25,29000.0,30500.0,28000.0,30300.0,110200
2022-01-26,29800.0,30800.0,29000.0,29050.0,64000
2022-01-27,27600.0,29000.0,27600.0,27850.0,101600
2022-01-28,26900.0,29750.0,26900.0,28500.0,98700
2022-01-31,28500.0,28500.0,28500.0,28500.0,0
2022-02-07,29850.0,29900.0,29000.0,29800.0,43300
2022-02-08,29800.0,29800.0,28700.0,28700.0,82000
2022-02-09,28700.0,30000.0,27950.0,29850.0,89700
2022-02-10,30000.0,31650.0,30000.0,30100.0,72300
2022-02-11,30100.0,30200.0,29450.0,29700.0,63100
2022-02-14,29300.0,30000.0,28600.0,29300.0,91500
2022-02-15,29300.0,29300.0,29300.0,29300.0,0
2022-02-16,29950.0,31000.0,29000.0,31000.0,114500
2022-02-17,31450.0,31550.0,30000.0,30650.0,50300
2022-02-18,29700.0,31950.0,29700.0,31500.0,59200
2022-02-22,31000.0,31000.0,29400.0,29700.0,176900
2022-02-23,30150.0,30900.0,29800.0,29950.0,57400
2022-02-24,30500.0,30500.0,28700.0,29350.0,194200
2022-02-25,30650.0,30650.0,29450.0,29500.0,56500
2022-02-28,30500.0,30500.0,29000.0,29400.0,71800
2022-03-01,29400.0,30800.0,29000.0,30200.0,95400
2022-03-02,30200.0,30300.0,29550.0,29900.0,55000
