Date,Open,High,Low,Close,Volume,Dividends,Stock Splits
2019-01-02 00:00:00-05:00,4890.0,4910.0,4780.0,4780.0,1741470,0.0,0.0
2019-01-03 00:00:00-05:00,4780.0,4800.0,4600.0,4680.0,2617730,0.0,0.0
2019-01-04 00:00:00-05:00,4610.0,4690.0,4570.0,4660.0,1512050,0.0,0.0
2019-01-07 00:00:00-05:00,4700.0,4800.0,4660.0,4660.0,1098030,0.0,0.0
2019-01-08 00:00:00-05:00,4660.0,4750.0,4650.0,4750.0,1421580,0.0,0.0
2019-01-09 00:00:00-05:00,4720.0,4810.0,4710.0,4710.0,1488490,0.0,0.0
2019-01-10 00:00:00-05:00,4710.0,4880.0,4680.0,4860.0,3041210,0.0,0.0
2019-01-11 00:00:00-05:00,5000.0,5160.0,5000.0,5080.0,4895270,0.0,0.0
2019-01-14 00:00:00-05:00,5140.0,5250.0,5070.0,5070.0,2763840,0.0,0.0
2019-01-15 00:00:00-05:00,5070.0,5140.0,5050.0,5070.0,2004640,0.0,0.0
2019-01-16 00:00:00-05:00,5130.0,5130.0,5020.0,5110.0,2730810,0.0,0.0
2019-01-17 00:00:00-05:00,5100.0,5110.0,5020.0,5030.0,1620310,0.0,0.0
2019-01-18 00:00:00-05:00,5030.0,5080.0,4990.0,4990.0,1414810,0.0,0.0
2019-01-22 00:00:00-05:00,4970.0,5040.0,4970.0,4980.0,2419110,0.0,0.0
2019-01-23 00:00:00-05:00,4960.0,5080.0,4960.0,5000.0,1648200,0.0,0.0
2019-01-24 00:00:00-05:00,5010.0,5030.0,4980.0,4990.0,1793650,0.0,0.0
2019-01-25 00:00:00-05:00,5000.0,5040.0,4980.0,5000.0,1871660,0.0,0.0
2019-01-28 00:00:00-05:00,5000.0,5020.0,4980.0,5000.0,1002970,0.0,0.0
2019-01-29 00:00:00-05:00,5000.0,5020.0,4920.0,4930.0,1758180,0.0,0.0
2019-01-30 00:00:00-05:00,4970.0,5010.0,4930.0,5000.0,1410060,0.0,0.0
2019-01-31 00:00:00-05:00,4950.0,5100.0,4950.0,5000.0,2181820,0.0,0.0
2019-02-01 00:00:00-05:00,5000.0,5020.0,4890.0,5000.0,1740010,0.0,0.0
2019-02-04 00:00:00-05:00,5000.0,5000.0,5000.0,5000.0,0,0.0,0.0
2019-02-05 00:00:00-05:00,5000.0,5000.0,5000.0,5000.0,0,0.0,0.0
2019-02-06 00:00:00-05:00,5000.0,5000.0,5000.0,5000.0,0,0.0,0.0
2019-02-07 00:00:00-05:00,5000.0,5000.0,5000.0,5000.0,0,0.0,0.0
2019-02-08 00:00:00-05:00,5000.0,5000.0,5000.0,5000.0,0,0.0,0.0
2019-02-11 00:00:00-05:00,5000.0,5040.0,4960.0,4960.0,974380,0.0,0.0
2019-02-12 00:00:00-05:00,5000.0,5300.0,4970.0,5300.0,11270510,0.0,0.0
2019-02-13 00:00:00-05:00,5400.0,5430.0,5300.0,5320.0,5219350,0.0,0.0
2019-02-14 00:00:00-05:00,5320.0,5340.0,5180.0,5200.0,4073580,0.0,0.0
2019-02-15 00:00:00-05:00,5200.0,5290.0,5160.0,5170.0,3977720,0.0,0.0
2019-02-19 00:00:00-05:00,5490.0,5660.0,5400.0,5440.0,10551790,0.0,0.0
2019-02-20 00:00:00-05:00,5410.0,5480.0,5320.0,5330.0,5260250,0.0,0.0
2019-02-21 00:00:00-05:00,5400.0,5520.0,5350.0,5410.0,5103410,0.0,0.0
2019-02-22 00:00:00-05:00,5400.0,5620.0,5380.0,5490.0,5540080,0.0,0.0
2019-02-25 00:00:00-05:00,5590.0,5590.0,5490.0,5500.0,4723320,0.0,0.0
2019-02-26 00:00:00-05:00,5500.0,5840.0,5500.0,5660.0,12856190,0.0,0.0
2019-02-27 00:00:00-05:00,5760.0,5790.0,5670.0,5690.0,3651830,0.0,0.0
2019-02-28 00:00:00-05:00,5700.0,5740.0,5500.0,5520.0,6876750,0.0,0.0
2019-03-01 00:00:00-05:00,5520.0,5650.0,5520.0,5650.0,5420770,0.0,0.0
2019-03-04 00:00:00-05:00,5700.0,6040.0,5680.0,6040.0,13532770,0.0,0.0
2019-03-05 00:00:00-05:00,6110.0,6290.0,6030.0,6080.0,11449820,0.0,0.0
2019-03-06 00:00:00-05:00,6080.0,6200.0,6000.0,6150.0,6984040,0.0,0.0
2019-03-07 00:00:00-05:00,6150.0,6160.0,6060.0,6070.0,5139970,0.0,0.0
2019-03-08 00:00:00-05:00,6070.0,6070.0,6070.0,6070.0,0,0.0,0.0
2019-03-11 00:00:00-04:00,5890.0,5920.0,5720.0,5760.0,4311870,0.0,0.0
2019-03-12 00:00:00-04:00,5850.0,5900.0,5730.0,5800.0,4853620,0.0,0.0
2019-03-13 00:00:00-04:00,5840.0,5920.0,5800.0,5800.0,4060990,0.0,0.0
2019-03-14 00:00:00-04:00,5810.0,6000.0,5760.0,5840.0,4409410,0.0,0.0
2019-03-15 00:00:00-04:00,5850.0,5850.0,5770.0,5770.0,3600930,0.0,0.0
2019-03-18 00:00:00-04:00,5760.0,5800.0,5510.0,5540.0,7585550,0.0,0.0
2019-03-19 00:00:00-04:00,5550.0,5640.0,5540.0,5550.0,5454450,0.0,0.0
2019-03-20 00:00:00-04:00,5580.0,5600.0,5480.0,5520.0,2511430,0.0,0.0
2019-03-21 00:00:00-04:00,5550.0,5570.0,5200.0,5200.0,5431970,0.0,0.0
2019-03-22 00:00:00-04:00,5250.0,5310.0,5210.0,5250.0,2769800,0.0,0.0
2019-03-25 00:00:00-04:00,5440.0,5610.0,5370.0,5610.0,3849470,0.0,0.0
2019-03-26 00:00:00-04:00,6000.0,6000.0,5800.0,5870.0,14566060,0.0,0.0
2019-03-27 00:00:00-04:00,5870.0,5880.0,5610.0,5610.0,4924160,0.0,0.0
2019-03-28 00:00:00-04:00,5530.0,5730.0,5400.0,5560.0,4139770,0.0,0.0
2019-03-29 00:00:00-04:00,5530.0,5600.0,5480.0,5560.0,3445680,0.0,0.0
2019-04-01 00:00:00-04:00,5590.0,5600.0,5440.0,5460.0,3446400,0.0,0.0
2019-04-02 00:00:00-04:00,5500.0,5530.0,5440.0,5440.0,2646510,0.0,0.0
2019-04-03 00:00:00-04:00,5400.0,5450.0,5340.0,5390.0,1950240,0.0,0.0
2019-04-04 00:00:00-04:00,5400.0,5490.0,5390.0,5420.0,1830370,0.0,0.0
2019-04-05 00:00:00-04:00,5420.0,5500.0,5410.0,5420.0,1228010,0.0,0.0
2019-04-08 00:00:00-04:00,5420.0,5570.0,5400.0,5520.0,4276600,0.0,0.0
2019-04-09 00:00:00-04:00,5520.0,5540.0,5390.0,5410.0,2223730,0.0,0.0
2019-04-10 00:00:00-04:00,5360.0,5400.0,5240.0,5240.0,4372280,0.0,0.0
2019-04-11 00:00:00-04:00,5230.0,5300.0,5220.0,5220.0,2205910,0.0,0.0
2019-04-12 00:00:00-04:00,5230.0,5290.0,5220.0,5270.0,2194880,0.0,0.0
2019-04-15 00:00:00-04:00,5270.0,5270.0,5270.0,5270.0,0,0.0,0.0
2019-04-16 00:00:00-04:00,5220.0,5430.0,5120.0,5290.0,4126080,0.0,0.0
2019-04-17 00:00:00-04:00,5450.0,5600.0,5360.0,5380.0,4881710,0.0,0.0
2019-04-18 00:00:00-04:00,5380.0,5380.0,5240.0,5300.0,2384850,0.0,0.0
2019-04-22 00:00:00-04:00,5250.0,5360.0,5230.0,5310.0,2766280,0.0,0.0
2019-04-23 00:00:00-04:00,5310.0,5380.0,5300.0,5300.0,1803230,0.0,0.0
2019-04-24 00:00:00-04:00,5300.0,5420.0,5300.0,5390.0,4282330,0.0,0.0
2019-04-25 00:00:00-04:00,5440.0,5640.0,5440.0,5550.0,10205530,0.0,0.0
2019-04-26 00:00:00-04:00,5470.0,5560.0,5420.0,5470.0,3487550,0.0,0.0
2019-04-29 00:00:00-04:00,5470.0,5470.0,5470.0,5470.0,0,0.0,0.0
2019-04-30 00:00:00-04:00,5470.0,5470.0,5470.0,5470.0,0,0.0,0.0
2019-05-01 00:00:00-04:00,5470.0,5470.0,5470.0,5470.0,0,0.0,0.0
2019-05-02 00:00:00-04:00,5480.0,5490.0,5340.0,5370.0,2174890,0.0,0.0
2019-05-03 00:00:00-04:00,5330.0,5360.0,5270.0,5280.0,2780070,0.0,0.0
2019-05-06 00:00:00-04:00,5250.0,5250.0,5140.0,5170.0,3879280,0.0,0.0
2019-05-07 00:00:00-04:00,5200.0,5230.0,5160.0,5180.0,1319730,0.0,0.0
2019-05-08 00:00:00-04:00,5160.0,5180.0,5110.0,5110.0,1639660,0.0,0.0
2019-05-09 00:00:00-04:00,5120.0,5160.0,5060.0,5060.0,1400020,0.0,0.0
2019-05-10 00:00:00-04:00,5090.0,5180.0,5040.0,5090.0,1414400,0.0,0.0
2019-05-13 00:00:00-04:00,5060.0,5190.0,5060.0,5100.0,1622690,0.0,0.0
2019-05-14 00:00:00-04:00,5090.0,5150.0,5090.0,5090.0,1344530,0.0,0.0
2019-05-15 00:00:00-04:00,5100.0,5160.0,5090.0,5140.0,1411310,0.0,0.0
2019-05-16 00:00:00-04:00,5160.0,5350.0,5160.0,5300.0,3233620,0.0,0.0
2019-05-17 00:00:00-04:00,5320.0,5340.0,5200.0,5200.0,1462730,0.0,0.0
2019-05-20 00:00:00-04:00,5200.0,5200.0,5130.0,5160.0,2992010,0.0,0.0
2019-05-21 00:00:00-04:00,5180.0,5190.0,5150.0,5150.0,1786210,0.0,0.0
2019-05-22 00:00:00-04:00,5160.0,5230.0,5150.0,5160.0,3276530,0.0,0.0
2019-05-23 00:00:00-04:00,5200.0,5240.0,5160.0,5160.0,1141140,0.0,0.0
2019-05-24 00:00:00-04:00,5170.0,5190.0,5150.0,5160.0,2534630,0.0,0.0
2019-05-28 00:00:00-04:00,5190.0,5210.0,5150.0,5160.0,1303140,0.0,0.0
2019-05-29 00:00:00-04:00,5150.0,5170.0,5110.0,5120.0,1423870,0.0,0.0
2019-05-30 00:00:00-04:00,5130.0,5160.0,5100.0,5100.0,1546340,0.0,0.0
2019-05-31 00:00:00-04:00,5100.0,5100.0,5050.0,5070.0,1782000,0.0,0.0
2019-06-03 00:00:00-04:00,5070.0,5070.0,5000.0,5020.0,2848130,0.0,0.0
2019-06-04 00:00:00-04:00,5050.0,5050.0,4900.0,4900.0,1965490,0.0,0.0
2019-06-05 00:00:00-04:00,4950.0,4980.0,4900.0,4940.0,1262100,0.0,0.0
2019-06-06 00:00:00-04:00,4940.0,4980.0,4910.0,4910.0,825670,0.0,0.0
2019-06-07 00:00:00-04:00,4940.0,4980.0,4920.0,4980.0,932880,0.0,0.0
2019-06-10 00:00:00-04:00,4990.0,5060.0,4980.0,5010.0,708290,0.0,0.0
2019-06-11 00:00:00-04:00,5030.0,5080.0,4990.0,4990.0,1116780,0.0,0.0
2019-06-12 00:00:00-04:00,5020.0,5020.0,4940.0,4950.0,1064850,0.0,0.0
2019-06-13 00:00:00-04:00,4950.0,5040.0,4920.0,4970.0,1346830,0.0,0.0
2019-06-14 00:00:00-04:00,5000.0,5010.0,4950.0,4970.0,599980,0.0,0.0
2019-06-17 00:00:00-04:00,4970.0,5000.0,4930.0,5000.0,1727650,0.0,0.0
2019-06-18 00:00:00-04:00,5000.0,5010.0,4950.0,4970.0,658680,0.0,0.0
2019-06-19 00:00:00-04:00,4990.0,5250.0,4990.0,5150.0,5740560,0.0,0.0
2019-06-20 00:00:00-04:00,5150.0,5210.0,5130.0,5130.0,1926220,0.0,0.0
2019-06-21 00:00:00-04:00,5140.0,5140.0,5060.0,5090.0,1351710,0.0,0.0
2019-06-24 00:00:00-04:00,5070.0,5210.0,5070.0,5110.0,2328450,0.0,0.0
2019-06-25 00:00:00-04:00,5150.0,5360.0,5140.0,5290.0,6856700,0.0,0.0
2019-06-26 00:00:00-04:00,5290.0,5360.0,5280.0,5300.0,5131610,0.0,0.0
2019-06-27 00:00:00-04:00,5310.0,5330.0,5210.0,5240.0,3381680,0.0,0.0
2019-06-28 00:00:00-04:00,5240.0,5390.0,5160.0,5350.0,3749090,0.0,0.0
2019-07-01 00:00:00-04:00,5420.0,5450.0,5320.0,5320.0,3585990,0.0,0.0
2019-07-02 00:00:00-04:00,5310.0,5350.0,5300.0,5330.0,1537800,0.0,0.0
2019-07-03 00:00:00-04:00,5320.0,5440.0,5310.0,5420.0,4891200,0.0,0.0
2019-07-05 00:00:00-04:00,5500.0,5500.0,5430.0,5430.0,2082490,0.0,0.0
2019-07-08 00:00:00-04:00,5410.0,5580.0,5400.0,5490.0,6548890,0.0,0.0
2019-07-09 00:00:00-04:00,5550.0,5680.0,5500.0,5610.0,7953600,0.0,0.0
2019-07-10 00:00:00-04:00,5600.0,5670.0,5530.0,5620.0,3303790,0.0,0.0
2019-07-11 00:00:00-04:00,5570.0,5750.0,5570.0,5700.0,5098720,0.0,0.0
2019-07-12 00:00:00-04:00,5700.0,5720.0,5600.0,5600.0,3469570,0.0,0.0
2019-07-15 00:00:00-04:00,5600.0,5610.0,5400.0,5400.0,6157000,0.0,0.0
2019-07-16 00:00:00-04:00,5410.0,5490.0,5300.0,5310.0,5758480,0.0,0.0
2019-07-17 00:00:00-04:00,5310.0,5380.0,5310.0,5350.0,1630460,0.0,0.0
2019-07-18 00:00:00-04:00,5340.0,5420.0,5330.0,5380.0,1713600,0.0,0.0
2019-07-19 00:00:00-04:00,5380.0,5400.0,5220.0,5280.0,3007800,0.0,0.0
2019-07-22 00:00:00-04:00,5260.0,5340.0,5170.0,5300.0,3061780,0.0,0.0
2019-07-23 00:00:00-04:00,5300.0,5350.0,5260.0,5260.0,1619930,0.0,0.0
2019-07-24 00:00:00-04:00,5270.0,5310.0,5190.0,5240.0,1885710,0.0,0.0
2019-07-25 00:00:00-04:00,5240.0,5240.0,5240.0,5240.0,0,0.0,0.0
2019-07-26 00:00:00-04:00,5240.0,5240.0,5240.0,5240.0,0,0.0,0.0
2019-07-29 00:00:00-04:00,5240.0,5240.0,5240.0,5240.0,0,0.0,0.0
2019-07-30 00:00:00-04:00,5240.0,5240.0,5240.0,5240.0,0,0.0,0.0
2019-07-31 00:00:00-04:00,5060.0,5170.0,5060.0,5080.0,3574410,0.0,0.0
2019-08-01 00:00:00-04:00,5110.0,5110.0,4950.0,4950.0,4212260,0.0,0.0
2019-08-02 00:00:00-04:00,4900.0,4910.0,4800.0,4820.0,4556640,0.0,0.0
2019-08-05 00:00:00-04:00,4770.0,5070.0,4660.0,5050.0,5303490,0.0,0.0
2019-08-06 00:00:00-04:00,5050.0,5050.0,5050.0,5050.0,0,0.0,0.0
2019-08-07 00:00:00-04:00,5070.0,5070.0,4980.0,5000.0,1343330,0.0,0.0
2019-08-08 00:00:00-04:00,4960.0,5050.0,4960.0,5010.0,1484750,0.0,0.0
2019-08-09 00:00:00-04:00,5050.0,5060.0,5010.0,5050.0,1860300,0.0,0.0
2019-08-12 00:00:00-04:00,5090.0,5130.0,5040.0,5050.0,1544270,0.0,0.0
2019-08-13 00:00:00-04:00,5030.0,5050.0,4980.0,4980.0,2208780,0.0,0.0
2019-08-14 00:00:00-04:00,5000.0,5090.0,5000.0,5000.0,1886220,0.0,0.0
2019-08-15 00:00:00-04:00,4950.0,4960.0,4900.0,4920.0,2308710,0.0,0.0
2019-08-16 00:00:00-04:00,4900.0,4940.0,4900.0,4900.0,1770550,0.0,0.0
2019-08-19 00:00:00-04:00,4910.0,4950.0,4700.0,4790.0,3570430,0.0,0.0
2019-08-20 00:00:00-04:00,4840.0,4880.0,4800.0,4880.0,1753180,0.0,0.0
2019-08-21 00:00:00-04:00,4890.0,4940.0,4870.0,4880.0,816140,0.0,0.0
2019-08-22 00:00:00-04:00,4870.0,4920.0,4870.0,4880.0,1166100,0.0,0.0
2019-08-23 00:00:00-04:00,4890.0,4900.0,4780.0,4900.0,2022390,0.0,0.0
2019-08-26 00:00:00-04:00,4850.0,4850.0,4780.0,4810.0,1428130,0.0,0.0
2019-08-27 00:00:00-04:00,4810.0,4860.0,4800.0,4810.0,1306470,0.0,0.0
2019-08-28 00:00:00-04:00,4800.0,4840.0,4800.0,4800.0,1085560,0.0,0.0
2019-08-29 00:00:00-04:00,4810.0,4850.0,4810.0,4820.0,1085840,0.0,0.0
2019-08-30 00:00:00-04:00,4820.0,4910.0,4820.0,4860.0,1344990,0.0,0.0
2019-09-03 00:00:00-04:00,4860.0,4860.0,4810.0,4810.0,1429900,0.0,0.0
2019-09-04 00:00:00-04:00,4810.0,4830.0,4790.0,4830.0,1401970,0.0,0.0
2019-09-05 00:00:00-04:00,4820.0,4850.0,4810.0,4810.0,921550,0.0,0.0
2019-09-06 00:00:00-04:00,4810.0,4850.0,4770.0,4770.0,1424380,0.0,0.0
2019-09-09 00:00:00-04:00,4780.0,4840.0,4780.0,4790.0,962570,0.0,0.0
2019-09-10 00:00:00-04:00,4800.0,4870.0,4770.0,4770.0,1702760,0.0,0.0
2019-09-11 00:00:00-04:00,4790.0,4850.0,4760.0,4760.0,760730,0.0,0.0
2019-09-12 00:00:00-04:00,4800.0,4800.0,4710.0,4790.0,1215650,0.0,0.0
2019-09-13 00:00:00-04:00,4780.0,4790.0,4700.0,4700.0,1124360,0.0,0.0
2019-09-16 00:00:00-04:00,4700.0,4700.0,4590.0,4600.0,2718170,0.0,0.0
2019-09-17 00:00:00-04:00,4600.0,4600.0,4490.0,4490.0,3488990,0.0,0.0
2019-09-18 00:00:00-04:00,4510.0,4600.0,4500.0,4540.0,1311400,0.0,0.0
2019-09-19 00:00:00-04:00,4550.0,4570.0,4500.0,4520.0,866410,0.0,0.0
2019-09-20 00:00:00-04:00,4530.0,4530.0,4460.0,4460.0,2007120,0.0,0.0
2019-09-23 00:00:00-04:00,4460.0,4530.0,4460.0,4470.0,884700,0.0,0.0
2019-09-24 00:00:00-04:00,4470.0,4690.0,4470.0,4560.0,2214960,0.0,0.0
2019-09-25 00:00:00-04:00,4580.0,4600.0,4500.0,4500.0,929130,0.0,0.0
2019-09-26 00:00:00-04:00,4540.0,4560.0,4480.0,4530.0,620620,0.0,0.0
2019-09-27 00:00:00-04:00,4500.0,4550.0,4500.0,4500.0,947320,0.0,0.0
2019-09-30 00:00:00-04:00,4510.0,4530.0,4480.0,4490.0,1436930,0.0,0.0
2019-10-01 00:00:00-04:00,4500.0,4550.0,4480.0,4550.0,1122170,0.0,0.0
2019-10-02 00:00:00-04:00,4610.0,4760.0,4610.0,4620.0,3437160,0.0,0.0
2019-10-03 00:00:00-04:00,4620.0,4700.0,4580.0,4640.0,1001850,0.0,0.0
2019-10-04 00:00:00-04:00,4640.0,4640.0,4550.0,4570.0,987530,0.0,0.0
2019-10-07 00:00:00-04:00,4520.0,4550.0,4490.0,4500.0,1123670,0.0,0.0
2019-10-08 00:00:00-04:00,4500.0,4510.0,4470.0,4480.0,1058920,0.0,0.0
2019-10-09 00:00:00-04:00,4480.0,4490.0,4450.0,4480.0,1289540,0.0,0.0
2019-10-10 00:00:00-04:00,4480.0,4490.0,4450.0,4460.0,1163330,0.0,0.0
2019-10-11 00:00:00-04:00,4480.0,4480.0,4450.0,4460.0,735080,0.0,0.0
2019-10-14 00:00:00-04:00,4460.0,4460.0,4390.0,4390.0,2791530,0.0,0.0
2019-10-15 00:00:00-04:00,4400.0,4430.0,4300.0,4300.0,2794610,0.0,0.0
2019-10-16 00:00:00-04:00,4300.0,4300.0,4160.0,4160.0,3376000,0.0,0.0
2019-10-17 00:00:00-04:00,4140.0,4350.0,4140.0,4290.0,1903080,0.0,0.0
2019-10-18 00:00:00-04:00,4290.0,4410.0,4290.0,4340.0,1698600,0.0,0.0
2019-10-21 00:00:00-04:00,4340.0,4340.0,4280.0,4280.0,948960,0.0,0.0
2019-10-22 00:00:00-04:00,4280.0,4540.0,4280.0,4460.0,2157920,0.0,0.0
2019-10-23 00:00:00-04:00,4500.0,4500.0,4370.0,4370.0,870290,0.0,0.0
2019-10-24 00:00:00-04:00,4440.0,4440.0,4380.0,4430.0,761670,0.0,0.0
2019-10-25 00:00:00-04:00,4430.0,4430.0,4360.0,4360.0,1348870,0.0,0.0
2019-10-28 00:00:00-04:00,4370.0,4430.0,4330.0,4360.0,1488230,0.0,0.0
2019-10-29 00:00:00-04:00,4340.0,4400.0,4290.0,4300.0,1909100,0.0,0.0
2019-10-30 00:00:00-04:00,4300.0,4320.0,4260.0,4290.0,1027710,0.0,0.0
2019-10-31 00:00:00-04:00,4280.0,4290.0,4220.0,4220.0,1241440,0.0,0.0
2019-11-01 00:00:00-04:00,4240.0,4280.0,4220.0,4230.0,885330,0.0,0.0
2019-11-04 00:00:00-05:00,4230.0,4330.0,4220.0,4290.0,1534530,0.0,0.0
2019-11-05 00:00:00-05:00,4300.0,4310.0,4240.0,4240.0,824790,0.0,0.0
2019-11-06 00:00:00-05:00,4100.0,4190.0,4100.0,4150.0,2995670,0.0,0.0
2019-11-07 00:00:00-05:00,4160.0,4210.0,4140.0,4150.0,1006440,0.0,0.0
2019-11-08 00:00:00-05:00,4150.0,4190.0,4130.0,4180.0,838670,0.0,0.0
2019-11-11 00:00:00-05:00,4180.0,4180.0,4140.0,4170.0,688690,0.0,0.0
2019-11-12 00:00:00-05:00,4150.0,4180.0,4140.0,4140.0,938610,0.0,0.0
2019-11-13 00:00:00-05:00,4140.0,4160.0,4050.0,4070.0,1621460,0.0,0.0
2019-11-14 00:00:00-05:00,4070.0,4100.0,4060.0,4080.0,1404790,0.0,0.0
2019-11-15 00:00:00-05:00,4100.0,4120.0,4010.0,4010.0,1492730,0.0,0.0
2019-11-18 00:00:00-05:00,4040.0,4050.0,3980.0,3980.0,1307420,0.0,0.0
2019-11-19 00:00:00-05:00,3990.0,4160.0,3990.0,4100.0,1905920,0.0,0.0
2019-11-20 00:00:00-05:00,4110.0,4120.0,4030.0,4050.0,808980,0.0,0.0
2019-11-21 00:00:00-05:00,4050.0,4050.0,4010.0,4050.0,538880,0.0,0.0
2019-11-22 00:00:00-05:00,4010.0,4040.0,3980.0,4000.0,1545340,0.0,0.0
2019-11-25 00:00:00-05:00,3990.0,4000.0,3900.0,3900.0,2051520,0.0,0.0
2019-11-26 00:00:00-05:00,3900.0,3990.0,3880.0,3910.0,821330,0.0,0.0
2019-11-27 00:00:00-05:00,3910.0,3960.0,3910.0,3960.0,520160,0.0,0.0
2019-11-29 00:00:00-05:00,3940.0,3970.0,3850.0,3850.0,1545010,0.0,0.0
2019-12-02 00:00:00-05:00,3890.0,3890.0,3620.0,3630.0,3852370,0.0,0.0
2019-12-06 00:00:00-05:00,3700.0,3750.0,3700.0,3720.0,720930,0.0,0.0
2019-12-09 00:00:00-05:00,3760.0,3910.0,3720.0,3860.0,1546460,0.0,0.0
2019-12-10 00:00:00-05:00,3860.0,3960.0,3860.0,3900.0,1573110,0.0,0.0
2019-12-11 00:00:00-05:00,3910.0,4040.0,3910.0,4040.0,2693690,0.0,0.0
2019-12-12 00:00:00-05:00,4060.0,4060.0,3950.0,3970.0,1065680,0.0,0.0
2019-12-13 00:00:00-05:00,3970.0,4040.0,3900.0,3950.0,1615880,0.0,0.0
2019-12-16 00:00:00-05:00,3990.0,4000.0,3880.0,3960.0,2119520,0.0,0.0
2019-12-17 00:00:00-05:00,3960.0,4100.0,3950.0,4030.0,2837480,0.0,0.0
2019-12-18 00:00:00-05:00,4080.0,4100.0,3990.0,4040.0,1106450,0.0,0.0
2019-12-19 00:00:00-05:00,3910.0,4020.0,3910.0,3950.0,649460,0.0,0.0
2019-12-20 00:00:00-05:00,3930.0,3970.0,3900.0,3960.0,1218120,0.0,0.0
2019-12-23 00:00:00-05:00,3960.0,4030.0,3930.0,4000.0,1684080,0.0,0.0
2019-12-24 00:00:00-05:00,4000.0,4010.0,3950.0,4010.0,1314270,0.0,0.0
2019-12-26 00:00:00-05:00,3950.0,4180.0,3950.0,4080.0,3835310,0.0,0.0
2019-12-27 00:00:00-05:00,4080.0,4170.0,4010.0,4050.0,1162190,0.0,0.0
2019-12-30 00:00:00-05:00,4080.0,4080.0,3980.0,4020.0,1301090,0.0,0.0
2019-12-31 00:00:00-05:00,4010.0,4010.0,3900.0,3980.0,1628300,0.0,0.0
2020-01-02 00:00:00-05:00,3960.0,4050.0,3960.0,4050.0,1101390,0.0,0.0
2020-01-03 00:00:00-05:00,4070.0,4190.0,4050.0,4150.0,3756690,0.0,0.0
2020-01-06 00:00:00-05:00,4150.0,4150.0,4030.0,4090.0,1454140,0.0,0.0
2020-01-07 00:00:00-05:00,4020.0,4110.0,4020.0,4110.0,1432510,0.0,0.0
2020-01-08 00:00:00-05:00,4060.0,4080.0,3910.0,3910.0,2566730,0.0,0.0
2020-01-09 00:00:00-05:00,3990.0,4100.0,3960.0,4100.0,1322450,0.0,0.0
2020-01-10 00:00:00-05:00,4100.0,4110.0,4030.0,4080.0,1009540,0.0,0.0
2020-01-13 00:00:00-05:00,4100.0,4100.0,3980.0,4000.0,1173520,0.0,0.0
2020-01-14 00:00:00-05:00,4010.0,4030.0,3930.0,3940.0,1222410,0.0,0.0
2020-01-15 00:00:00-05:00,3940.0,3990.0,3900.0,3900.0,1207280,0.0,0.0
2020-01-16 00:00:00-05:00,3930.0,3950.0,3780.0,3840.0,1950740,0.0,0.0
2020-01-17 00:00:00-05:00,3850.0,3910.0,3840.0,3880.0,852640,0.0,0.0
2020-01-21 00:00:00-05:00,3860.0,3990.0,3860.0,3920.0,800990,0.0,0.0
2020-01-22 00:00:00-05:00,4020.0,4020.0,3950.0,3980.0,1111180,0.0,0.0
2020-01-23 00:00:00-05:00,3980.0,3980.0,3980.0,3980.0,0,0.0,0.0
2020-01-24 00:00:00-05:00,3980.0,3980.0,3980.0,3980.0,0,0.0,0.0
2020-01-27 00:00:00-05:00,3980.0,3980.0,3980.0,3980.0,0,0.0,0.0
2020-01-28 00:00:00-05:00,3980.0,3980.0,3980.0,3980.0,0,0.0,0.0
2020-01-29 00:00:00-05:00,3980.0,3980.0,3980.0,3980.0,0,0.0,0.0
2020-01-30 00:00:00-05:00,3990.0,3990.0,3870.0,3900.0,2008040,0.0,0.0
2020-01-31 00:00:00-05:00,3860.0,3860.0,3640.0,3640.0,3002000,0.0,0.0
2020-02-03 00:00:00-05:00,3390.0,3560.0,3390.0,3390.0,4432890,0.0,0.0
2020-02-04 00:00:00-05:00,3400.0,3410.0,3200.0,3270.0,2530200,0.0,0.0
2020-02-05 00:00:00-05:00,3170.0,3400.0,3170.0,3300.0,1285410,0.0,0.0
2020-02-06 00:00:00-05:00,3300.0,3530.0,3300.0,3530.0,3102020,0.0,0.0
2020-02-07 00:00:00-05:00,3590.0,3650.0,3530.0,3550.0,1286950,0.0,0.0
2020-02-10 00:00:00-05:00,3500.0,3550.0,3430.0,3440.0,791000,0.0,0.0
2020-02-11 00:00:00-05:00,3430.0,3470.0,3430.0,3450.0,781430,0.0,0.0
2020-02-12 00:00:00-05:00,3500.0,3610.0,3460.0,3580.0,1518950,0.0,0.0
2020-02-13 00:00:00-05:00,3570.0,3580.0,3490.0,3500.0,1299930,0.0,0.0
2020-02-14 00:00:00-05:00,3500.0,3540.0,3470.0,3490.0,915700,0.0,0.0
2020-02-18 00:00:00-05:00,3490.0,3500.0,3470.0,3500.0,979480,0.0,0.0
2020-02-19 00:00:00-05:00,3500.0,3550.0,3500.0,3510.0,1022830,0.0,0.0
2020-02-20 00:00:00-05:00,3520.0,3550.0,3490.0,3490.0,1080760,0.0,0.0
2020-02-21 00:00:00-05:00,3490.0,3500.0,3420.0,3440.0,1359550,0.0,0.0
2020-02-24 00:00:00-05:00,3400.0,3400.0,3200.0,3200.0,4276830,0.0,0.0
2020-02-25 00:00:00-05:00,3150.0,3350.0,3120.0,3350.0,2673010,0.0,0.0
2020-02-26 00:00:00-05:00,3300.0,3300.0,3250.0,3260.0,1070130,0.0,0.0
2020-02-27 00:00:00-05:00,3230.0,3400.0,3230.0,3330.0,1519970,0.0,0.0
2020-02-28 00:00:00-05:00,3270.0,3310.0,3230.0,3270.0,1885160,0.0,0.0
2020-03-02 00:00:00-05:00,3260.0,3300.0,3260.0,3270.0,1185440,0.0,0.0
2020-03-03 00:00:00-05:00,3300.0,3350.0,3300.0,3310.0,1644240,0.0,0.0
2020-03-04 00:00:00-05:00,3330.0,3540.0,3290.0,3520.0,6200000,0.0,0.0
2020-03-05 00:00:00-05:00,3540.0,3600.0,3470.0,3480.0,2057860,0.0,0.0
2020-03-06 00:00:00-05:00,3420.0,3500.0,3420.0,3490.0,1275010,0.0,0.0
2020-03-09 00:00:00-04:00,3250.0,3450.0,3250.0,3250.0,3462110,0.0,0.0
2020-03-10 00:00:00-04:00,3100.0,3350.0,3100.0,3260.0,2074180,0.0,0.0
2020-03-11 00:00:00-04:00,3370.0,3370.0,3150.0,3180.0,3343620,0.0,0.0
2020-03-12 00:00:00-04:00,3110.0,3130.0,2970.0,3100.0,6904540,0.0,0.0
2020-03-13 00:00:00-04:00,3010.0,3100.0,2980.0,3090.0,6240590,0.0,0.0
2020-03-16 00:00:00-04:00,3090.0,3100.0,3000.0,3030.0,1558100,0.0,0.0
2020-03-17 00:00:00-04:00,3000.0,3030.0,2980.0,3020.0,2535800,0.0,0.0
2020-03-18 00:00:00-04:00,3080.0,3120.0,3030.0,3030.0,2425580,0.0,0.0
2020-03-19 00:00:00-04:00,3030.0,3030.0,2910.0,2980.0,2820690,0.0,0.0
2020-03-20 00:00:00-04:00,2930.0,2990.0,2930.0,2940.0,883780,0.0,0.0
2020-03-23 00:00:00-04:00,2880.0,2900.0,2740.0,2740.0,5117500,0.0,0.0
2020-03-24 00:00:00-04:00,2740.0,2740.0,2600.0,2720.0,2849490,0.0,0.0
2020-03-25 00:00:00-04:00,2750.0,2780.0,2690.0,2710.0,2012740,0.0,0.0
2020-03-26 00:00:00-04:00,2730.0,2780.0,2660.0,2680.0,2127350,0.0,0.0
2020-03-27 00:00:00-04:00,2680.0,2700.0,2600.0,2660.0,4166160,0.0,0.0
2020-03-30 00:00:00-04:00,2550.0,2650.0,2480.0,2550.0,3622610,0.0,0.0
2020-03-31 00:00:00-04:00,2550.0,2630.0,2400.0,2550.0,2582740,0.0,0.0
2020-04-01 00:00:00-04:00,2450.0,2700.0,2450.0,2690.0,2050100,0.0,0.0
2020-04-02 00:00:00-04:00,2690.0,2690.0,2690.0,2690.0,0,0.0,0.0
2020-04-03 00:00:00-04:00,2710.0,2830.0,2710.0,2810.0,2116160,0.0,0.0
2020-04-06 00:00:00-04:00,2900.0,3000.0,2820.0,3000.0,4506840,0.0,0.0
2020-04-07 00:00:00-04:00,3120.0,3130.0,2980.0,3100.0,4339060,0.0,0.0
2020-04-08 00:00:00-04:00,3150.0,3200.0,2980.0,3200.0,3668370,0.0,0.0
2020-04-09 00:00:00-04:00,3220.0,3250.0,3150.0,3200.0,3068640,0.0,0.0
2020-04-13 00:00:00-04:00,3140.0,3150.0,3030.0,3130.0,2976440,0.0,0.0
2020-04-14 00:00:00-04:00,3100.0,3140.0,3040.0,3070.0,2090410,0.0,0.0
2020-04-15 00:00:00-04:00,3070.0,3190.0,3060.0,3110.0,3224410,0.0,0.0
2020-04-16 00:00:00-04:00,3100.0,3190.0,3100.0,3170.0,1895280,0.0,0.0
2020-04-17 00:00:00-04:00,3160.0,3200.0,3160.0,3170.0,2246120,0.0,0.0
2020-04-20 00:00:00-04:00,3200.0,3250.0,3170.0,3170.0,4678320,0.0,0.0
2020-04-21 00:00:00-04:00,3110.0,3170.0,3070.0,3120.0,4872060,0.0,0.0
2020-04-22 00:00:00-04:00,3090.0,3170.0,3090.0,3120.0,1387350,0.0,0.0
2020-04-23 00:00:00-04:00,3120.0,3190.0,3120.0,3160.0,1456560,0.0,0.0
2020-04-24 00:00:00-04:00,3160.0,3380.0,3130.0,3380.0,11271290,0.0,0.0
2020-04-27 00:00:00-04:00,3590.0,3600.0,3460.0,3500.0,4283020,0.0,0.0
2020-04-28 00:00:00-04:00,3470.0,3690.0,3420.0,3640.0,2885270,0.0,0.0
2020-04-29 00:00:00-04:00,3560.0,3680.0,3540.0,3600.0,4366310,0.0,0.0
2020-04-30 00:00:00-04:00,3600.0,3600.0,3600.0,3600.0,0,0.0,0.0
2020-05-01 00:00:00-04:00,3600.0,3600.0,3600.0,3600.0,0,0.0,0.0
2020-05-04 00:00:00-04:00,3570.0,3600.0,3400.0,3400.0,5100170,0.0,0.0
2020-05-05 00:00:00-04:00,3400.0,3490.0,3390.0,3460.0,1735800,0.0,0.0
2020-05-06 00:00:00-04:00,3500.0,3570.0,3450.0,3540.0,1711130,0.0,0.0
2020-05-07 00:00:00-04:00,3540.0,3610.0,3500.0,3550.0,1944360,0.0,0.0
2020-05-08 00:00:00-04:00,3600.0,3600.0,3500.0,3520.0,5525600,0.0,0.0
2020-05-11 00:00:00-04:00,3520.0,3760.0,3510.0,3760.0,4426970,0.0,0.0
2020-05-12 00:00:00-04:00,3910.0,3960.0,3720.0,3850.0,5671790,0.0,0.0
2020-05-13 00:00:00-04:00,3830.0,3930.0,3780.0,3860.0,3320990,0.0,0.0
2020-05-14 00:00:00-04:00,3800.0,3880.0,3770.0,3800.0,4191140,0.0,0.0
2020-05-15 00:00:00-04:00,3800.0,3800.0,3800.0,3800.0,0,0.0,0.0
2020-05-18 00:00:00-04:00,3800.0,3800.0,3800.0,3800.0,0,0.0,0.0
2020-05-19 00:00:00-04:00,3910.0,3920.0,3850.0,3920.0,4019220,0.0,0.0
2020-05-20 00:00:00-04:00,3920.0,3920.0,3920.0,3920.0,0,0.0,0.0
2020-05-21 00:00:00-04:00,4200.0,4350.0,4130.0,4140.0,3774280,0.0,0.0
2020-05-22 00:00:00-04:00,4130.0,4240.0,4070.0,4150.0,3159530,0.0,0.0
2020-05-26 00:00:00-04:00,4170.0,4310.0,4160.0,4310.0,3518040,0.0,0.0
2020-05-27 00:00:00-04:00,4230.0,4300.0,4140.0,4170.0,4777660,0.0,0.0
2020-05-28 00:00:00-04:00,4170.0,4270.0,4170.0,4270.0,4346920,0.0,0.0
2020-05-29 00:00:00-04:00,4260.0,4560.0,4230.0,4560.0,8186470,0.0,0.0
2020-06-01 00:00:00-04:00,4790.0,4870.0,4660.0,4870.0,3520900,0.0,0.0
2020-06-02 00:00:00-04:00,5210.0,5210.0,4800.0,4800.0,18993150,0.0,0.0
2020-06-03 00:00:00-04:00,4800.0,5000.0,4650.0,4750.0,7849210,0.0,0.0
2020-06-04 00:00:00-04:00,4750.0,5080.0,4730.0,5080.0,11393350,0.0,0.0
2020-06-05 00:00:00-04:00,5100.0,5420.0,4980.0,5420.0,9676400,0.0,0.0
2020-06-08 00:00:00-04:00,5420.0,5420.0,5420.0,5420.0,0,0.0,0.0
2020-06-09 00:00:00-04:00,5420.0,5420.0,5420.0,5420.0,0,0.0,0.0
2020-06-10 00:00:00-04:00,5540.0,6000.0,5460.0,5800.0,12233960,0.0,0.0
2020-06-11 00:00:00-04:00,5850.0,5850.0,5400.0,5400.0,11594420,0.0,0.0
2020-06-12 00:00:00-04:00,5030.0,5360.0,5030.0,5200.0,11657830,0.0,0.0
2020-06-15 00:00:00-04:00,5300.0,5310.0,4850.0,4900.0,9362250,0.0,0.0
2020-06-16 00:00:00-04:00,5000.0,5200.0,4990.0,5190.0,5399240,0.0,0.0
2020-06-17 00:00:00-04:00,5230.0,5230.0,4990.0,5090.0,3570780,0.0,0.0
2020-06-18 00:00:00-04:00,5000.0,5060.0,4940.0,4970.0,3830320,0.0,0.0
2020-06-19 00:00:00-04:00,4930.0,5310.0,4930.0,5230.0,7301580,0.0,0.0
2020-06-22 00:00:00-04:00,5260.0,5380.0,5190.0,5190.0,3852740,0.0,0.0
2020-06-23 00:00:00-04:00,5200.0,5350.0,5190.0,5300.0,5890640,0.0,0.0
2020-06-24 00:00:00-04:00,5280.0,5350.0,5170.0,5220.0,6303690,0.0,0.0
2020-06-25 00:00:00-04:00,5150.0,5200.0,5080.0,5200.0,2794120,0.0,0.0
2020-06-26 00:00:00-04:00,5250.0,5320.0,5100.0,5110.0,4018230,0.0,0.0
2020-06-29 00:00:00-04:00,5110.0,5380.0,5050.0,5200.0,6805580,0.0,0.0
2020-06-30 00:00:00-04:00,5200.0,5300.0,5040.0,5200.0,3991840,0.0,0.0
2020-07-01 00:00:00-04:00,5230.0,5270.0,5160.0,5230.0,2452040,0.0,0.0
2020-07-02 00:00:00-04:00,5230.0,5260.0,5170.0,5230.0,2706180,0.0,0.0
2020-07-06 00:00:00-04:00,5200.0,5210.0,5100.0,5150.0,3350470,0.0,0.0
2020-07-07 00:00:00-04:00,5110.0,5170.0,4900.0,5020.0,6386340,0.0,0.0
2020-07-08 00:00:00-04:00,4990.0,5060.0,4950.0,5000.0,3471690,0.0,0.0
2020-07-09 00:00:00-04:00,5000.0,5100.0,4990.0,5000.0,4259110,0.0,0.0
2020-07-10 00:00:00-04:00,5000.0,5000.0,5000.0,5000.0,0,0.0,0.0
2020-07-13 00:00:00-04:00,5100.0,5130.0,5010.0,5080.0,2080870,0.0,0.0
2020-07-14 00:00:00-04:00,5060.0,5060.0,4840.0,4890.0,9509420,0.0,0.0
2020-07-15 00:00:00-04:00,4890.0,4890.0,4890.0,4890.0,0,0.0,0.0
2020-07-16 00:00:00-04:00,4680.0,4750.0,4650.0,4680.0,2707920,0.0,0.0
2020-07-17 00:00:00-04:00,4680.0,4680.0,4360.0,4580.0,12551460,0.0,0.0
2020-07-20 00:00:00-04:00,4550.0,4550.0,4350.0,4370.0,3206860,0.0,0.0
2020-07-21 00:00:00-04:00,4400.0,4520.0,4370.0,4470.0,3010820,0.0,0.0
2020-07-22 00:00:00-04:00,4470.0,4500.0,4260.0,4300.0,6398070,0.0,0.0
2020-07-23 00:00:00-04:00,4300.0,4330.0,4110.0,4330.0,4224410,0.0,0.0
2020-07-24 00:00:00-04:00,4210.0,4330.0,4030.0,4030.0,8589770,0.0,0.0
2020-07-27 00:00:00-04:00,3750.0,3850.0,3750.0,3750.0,7987120,0.0,0.0
2020-07-28 00:00:00-04:00,3600.0,3960.0,3600.0,3860.0,8791240,0.0,0.0
2020-07-29 00:00:00-04:00,3730.0,3780.0,3590.0,3740.0,7941990,0.0,0.0
2020-07-30 00:00:00-04:00,3740.0,3760.0,3690.0,3730.0,2249220,0.0,0.0
2020-07-31 00:00:00-04:00,3600.0,3830.0,3580.0,3800.0,4820380,0.0,0.0
2020-08-03 00:00:00-04:00,3860.0,3960.0,3790.0,3870.0,6501040,0.0,0.0
2020-08-04 00:00:00-04:00,3900.0,3940.0,3840.0,3870.0,6105280,0.0,0.0
2020-08-05 00:00:00-04:00,3890.0,3940.0,3840.0,3930.0,4045360,0.0,0.0
2020-08-06 00:00:00-04:00,3930.0,4150.0,3870.0,4110.0,7519390,0.0,0.0
2020-08-07 00:00:00-04:00,4110.0,4180.0,4030.0,4060.0,4486170,0.0,0.0
2020-08-10 00:00:00-04:00,4010.0,4120.0,3990.0,4050.0,5835720,0.0,0.0
2020-08-11 00:00:00-04:00,4050.0,4090.0,3960.0,4050.0,4662630,0.0,0.0
2020-08-12 00:00:00-04:00,4040.0,4050.0,3980.0,4020.0,2371180,0.0,0.0
2020-08-13 00:00:00-04:00,4030.0,4160.0,4010.0,4120.0,4089350,0.0,0.0
2020-08-14 00:00:00-04:00,4120.0,4140.0,4020.0,4050.0,3211710,0.0,0.0
2020-08-17 00:00:00-04:00,4040.0,4050.0,3970.0,4010.0,2535300,0.0,0.0
2020-08-18 00:00:00-04:00,4000.0,4060.0,3970.0,4010.0,2626750,0.0,0.0
2020-08-19 00:00:00-04:00,4010.0,4290.0,3990.0,4290.0,10234870,0.0,0.0
2020-08-20 00:00:00-04:00,4300.0,4450.0,4230.0,4260.0,7536870,0.0,0.0
2020-08-21 00:00:00-04:00,4280.0,4320.0,4240.0,4280.0,2078220,0.0,0.0
2020-08-24 00:00:00-04:00,4280.0,4300.0,4170.0,4280.0,7254780,0.0,0.0
2020-08-25 00:00:00-04:00,4280.0,4300.0,4210.0,4210.0,6147410,0.0,0.0
2020-08-26 00:00:00-04:00,4210.0,4290.0,4170.0,4200.0,5814110,0.0,0.0
2020-08-27 00:00:00-04:00,4190.0,4410.0,4160.0,4340.0,7980220,0.0,0.0
2020-08-28 00:00:00-04:00,4370.0,4410.0,4250.0,4250.0,3615000,0.0,0.0
2020-08-31 00:00:00-04:00,4380.0,4380.0,4250.0,4260.0,5841860,0.0,0.0
2020-09-01 00:00:00-04:00,4260.0,4370.0,4230.0,4330.0,6999140,0.0,0.0
2020-09-02 00:00:00-04:00,4330.0,4330.0,4330.0,4330.0,0,0.0,0.0
2020-09-03 00:00:00-04:00,4350.0,4390.0,4280.0,4310.0,3294380,0.0,0.0
2020-09-04 00:00:00-04:00,4200.0,4390.0,4200.0,4350.0,7949550,0.0,0.0
2020-09-08 00:00:00-04:00,4660.0,4700.0,4500.0,4610.0,7470830,0.0,0.0
2020-09-09 00:00:00-04:00,4520.0,4900.0,4520.0,4830.0,10190870,0.0,0.0
2020-09-10 00:00:00-04:00,4850.0,4890.0,4750.0,4790.0,8369740,0.0,0.0
2020-09-11 00:00:00-04:00,4790.0,4790.0,4790.0,4790.0,0,0.0,0.0
2020-09-14 00:00:00-04:00,4910.0,4930.0,4850.0,4870.0,5768170,0.0,0.0
2020-09-15 00:00:00-04:00,4930.0,4930.0,4670.0,4670.0,8610810,0.0,0.0
2020-09-16 00:00:00-04:00,4680.0,4750.0,4610.0,4630.0,5513180,0.0,0.0
2020-09-17 00:00:00-04:00,4630.0,4780.0,4620.0,4720.0,6459110,0.0,0.0
2020-09-18 00:00:00-04:00,4720.0,4750.0,4620.0,4640.0,6114910,0.0,0.0
2020-09-21 00:00:00-04:00,4650.0,4680.0,4560.0,4590.0,6459480,0.0,0.0
2020-09-22 00:00:00-04:00,4560.0,4580.0,4470.0,4550.0,10541580,0.0,0.0
2020-09-23 00:00:00-04:00,4550.0,4670.0,4550.0,4600.0,3047820,0.0,0.0
2020-09-24 00:00:00-04:00,4600.0,4660.0,4570.0,4600.0,3857030,0.0,0.0
2020-09-25 00:00:00-04:00,4610.0,4610.0,4540.0,4570.0,3472520,0.0,0.0
2020-09-28 00:00:00-04:00,4570.0,4600.0,4520.0,4570.0,4203390,0.0,0.0
2020-09-29 00:00:00-04:00,4610.0,4620.0,4400.0,4560.0,8274800,0.0,0.0
2020-09-30 00:00:00-04:00,4560.0,4600.0,4500.0,4560.0,2097030,0.0,0.0
2020-10-01 00:00:00-04:00,4580.0,4580.0,4510.0,4550.0,2098660,0.0,0.0
2020-10-02 00:00:00-04:00,4510.0,4580.0,4440.0,4540.0,4819580,0.0,0.0
2020-10-05 00:00:00-04:00,4540.0,4750.0,4510.0,4710.0,9345570,0.0,0.0
2020-10-06 00:00:00-04:00,4750.0,4750.0,4570.0,4690.0,5195620,0.0,0.0
2020-10-07 00:00:00-04:00,4680.0,4930.0,4620.0,4850.0,12586830,0.0,0.0
2020-10-08 00:00:00-04:00,4850.0,4930.0,4750.0,4800.0,8815320,0.0,0.0
2020-10-09 00:00:00-04:00,4790.0,4800.0,4600.0,4680.0,4807460,0.0,0.0
2020-10-12 00:00:00-04:00,4700.0,4720.0,4500.0,4500.0,8229570,0.0,0.0
2020-10-13 00:00:00-04:00,4520.0,4670.0,4490.0,4640.0,8362670,0.0,0.0
2020-10-14 00:00:00-04:00,4960.0,4960.0,4960.0,4960.0,5650810,0.0,0.0
2020-10-15 00:00:00-04:00,5300.0,5300.0,4990.0,5030.0,32371800,0.0,0.0
2020-10-16 00:00:00-04:00,5010.0,5050.0,4900.0,4900.0,7871120,0.0,0.0
2020-10-19 00:00:00-04:00,4910.0,5010.0,4840.0,4910.0,9808080,0.0,0.0
2020-10-20 00:00:00-04:00,4870.0,4950.0,4800.0,4850.0,6861810,0.0,0.0
2020-10-21 00:00:00-04:00,4850.0,4900.0,4750.0,4750.0,5354680,0.0,0.0
2020-10-22 00:00:00-04:00,4750.0,4770.0,4670.0,4720.0,6067690,0.0,0.0
2020-10-23 00:00:00-04:00,4730.0,4970.0,4730.0,4870.0,7036750,0.0,0.0
2020-10-26 00:00:00-04:00,4940.0,4940.0,4780.0,4780.0,5651330,0.0,0.0
2020-10-27 00:00:00-04:00,4710.0,4770.0,4650.0,4650.0,5175710,0.0,0.0
2020-10-28 00:00:00-04:00,4630.0,4680.0,4500.0,4500.0,7891790,0.0,0.0
2020-10-29 00:00:00-04:00,4470.0,4500.0,4440.0,4450.0,5549170,0.0,0.0
2020-10-30 00:00:00-04:00,4700.0,4700.0,4450.0,4540.0,5751830,0.0,0.0
2020-11-02 00:00:00-05:00,4540.0,4650.0,4460.0,4650.0,5194820,0.0,0.0
2020-11-03 00:00:00-05:00,4650.0,4660.0,4570.0,4600.0,3040730,0.0,0.0
2020-11-04 00:00:00-05:00,4560.0,4630.0,4560.0,4620.0,2766340,0.0,0.0
2020-11-05 00:00:00-05:00,4600.0,4610.0,4550.0,4600.0,2956260,0.0,0.0
2020-11-06 00:00:00-05:00,4590.0,4610.0,4540.0,4570.0,1698430,0.0,0.0
2020-11-09 00:00:00-05:00,4570.0,4600.0,4530.0,4560.0,6586140,0.0,0.0
2020-11-10 00:00:00-05:00,4610.0,4610.0,4500.0,4520.0,4566050,0.0,0.0
2020-11-11 00:00:00-05:00,4490.0,4580.0,4470.0,4470.0,5224140,0.0,0.0
2020-11-12 00:00:00-05:00,4470.0,4490.0,4290.0,4460.0,8238730,0.0,0.0
2020-11-13 00:00:00-05:00,4450.0,4550.0,4400.0,4530.0,3060350,0.0,0.0
2020-11-16 00:00:00-05:00,4540.0,4570.0,4450.0,4530.0,4067680,0.0,0.0
2020-11-17 00:00:00-05:00,4500.0,4570.0,4480.0,4540.0,3239760,0.0,0.0
2020-11-18 00:00:00-05:00,4530.0,4540.0,4470.0,4480.0,4610700,0.0,0.0
2020-11-19 00:00:00-05:00,4500.0,4500.0,4410.0,4420.0,4658560,0.0,0.0
2020-11-20 00:00:00-05:00,4420.0,4550.0,4420.0,4550.0,8506950,0.0,0.0
2020-11-23 00:00:00-05:00,4700.0,4700.0,4500.0,4500.0,10759930,0.0,0.0
2020-11-24 00:00:00-05:00,4500.0,4530.0,4400.0,4450.0,7243290,0.0,0.0
2020-11-25 00:00:00-05:00,4450.0,4680.0,4430.0,4580.0,12097240,0.0,0.0
2020-11-27 00:00:00-05:00,4740.0,4780.0,4650.0,4650.0,7053510,0.0,0.0
2020-11-30 00:00:00-05:00,4700.0,4700.0,4520.0,4520.0,10417420,0.0,0.0
2020-12-01 00:00:00-05:00,4460.0,4660.0,4450.0,4590.0,16270430,0.0,0.0
2020-12-02 00:00:00-05:00,4590.0,4640.0,4530.0,4530.0,6406140,0.0,0.0
2020-12-03 00:00:00-05:00,4540.0,4600.0,4500.0,4540.0,7261060,0.0,0.0
2020-12-04 00:00:00-05:00,4590.0,4790.0,4550.0,4690.0,16828160,0.0,0.0
2020-12-07 00:00:00-05:00,4690.0,4850.0,4670.0,4760.0,12205440,0.0,0.0
2020-12-08 00:00:00-05:00,4760.0,4770.0,4650.0,4690.0,7450580,0.0,0.0
2020-12-09 00:00:00-05:00,4700.0,4730.0,4650.0,4680.0,8490020,0.0,0.0
2020-12-10 00:00:00-05:00,4820.0,4950.0,4740.0,4740.0,19053680,0.0,0.0
2020-12-11 00:00:00-05:00,4760.0,4790.0,4680.0,4730.0,3993570,0.0,0.0
2020-12-14 00:00:00-05:00,4740.0,4830.0,4700.0,4810.0,9965120,0.0,0.0
2020-12-15 00:00:00-05:00,4820.0,5100.0,4760.0,4950.0,30066630,0.0,0.0
2020-12-16 00:00:00-05:00,5050.0,5200.0,5000.0,5200.0,20456650,0.0,0.0
2020-12-17 00:00:00-05:00,5100.0,5390.0,5100.0,5150.0,15616470,0.0,0.0
2020-12-18 00:00:00-05:00,5150.0,5270.0,5100.0,5190.0,12691250,0.0,0.0
2020-12-21 00:00:00-05:00,5250.0,5400.0,5100.0,5330.0,20723610,0.0,0.0
2020-12-22 00:00:00-05:00,5320.0,5390.0,5250.0,5370.0,10895410,0.0,0.0
2020-12-23 00:00:00-05:00,5500.0,5500.0,5200.0,5200.0,14605930,0.0,0.0
2020-12-24 00:00:00-05:00,5200.0,5250.0,4900.0,5130.0,17899020,0.0,0.0
2020-12-28 00:00:00-05:00,5240.0,5550.0,5180.0,5410.0,23363290,0.0,0.0
2020-12-29 00:00:00-05:00,5400.0,5550.0,5320.0,5460.0,14546600,0.0,0.0
2020-12-30 00:00:00-05:00,5490.0,5500.0,5280.0,5280.0,10740400,0.0,0.0
2020-12-31 00:00:00-05:00,5300.0,5340.0,5200.0,5250.0,10764840,0.0,0.0
2021-01-04 00:00:00-05:00,5280.0,5400.0,5230.0,5290.0,1040350,0.0,0.0
2021-01-05 00:00:00-05:00,5290.0,5400.0,5250.0,5360.0,1012930,0.0,0.0
2021-01-06 00:00:00-05:00,5370.0,5400.0,5260.0,5280.0,1193780,0.0,0.0
2021-01-07 00:00:00-05:00,5490.0,5640.0,5400.0,5640.0,1656410,0.0,0.0
2021-01-08 00:00:00-05:00,6030.0,6030.0,5930.0,6030.0,4059390,0.0,0.0
2021-01-11 00:00:00-05:00,6030.0,6400.0,6030.0,6360.0,3019660,0.0,0.0
2021-01-12 00:00:00-05:00,6360.0,6360.0,6100.0,6270.0,1500410,0.0,0.0
2021-01-13 00:00:00-05:00,6200.0,6260.0,5980.0,6000.0,2941990,0.0,0.0
2021-01-14 00:00:00-05:00,6000.0,6120.0,5970.0,6070.0,2110230,0.0,0.0
2021-01-15 00:00:00-05:00,6110.0,6450.0,6100.0,6390.0,2092740,0.0,0.0
2021-01-19 00:00:00-05:00,6290.0,6290.0,5860.0,5860.0,1796160,0.0,0.0
2021-01-20 00:00:00-05:00,5730.0,5800.0,5450.0,5700.0,2196530,0.0,0.0
2021-01-21 00:00:00-05:00,5800.0,6030.0,5680.0,6000.0,1088770,0.0,0.0
2021-01-22 00:00:00-05:00,6000.0,6070.0,5780.0,5800.0,1236020,0.0,0.0
2021-01-25 00:00:00-05:00,5780.0,6010.0,5700.0,5830.0,953370,0.0,0.0
2021-01-26 00:00:00-05:00,5820.0,5830.0,5430.0,5530.0,1622880,0.0,0.0
2021-01-27 00:00:00-05:00,5410.0,5520.0,5150.0,5150.0,1616840,0.0,0.0
2021-01-28 00:00:00-05:00,4790.0,4960.0,4790.0,4790.0,1224560,0.0,0.0
2021-01-29 00:00:00-05:00,4480.0,5020.0,4480.0,4830.0,1136090,0.0,0.0
2021-02-01 00:00:00-05:00,4620.0,4800.0,4500.0,4500.0,1421800,0.0,0.0
2021-02-02 00:00:00-05:00,4400.0,4400.0,4190.0,4260.0,940760,0.0,0.0
2021-02-03 00:00:00-05:00,4350.0,4470.0,4290.0,4450.0,783920,0.0,0.0
2021-02-04 00:00:00-05:00,4550.0,4580.0,4440.0,4460.0,644770,0.0,0.0
2021-02-05 00:00:00-05:00,4490.0,4560.0,4460.0,4560.0,594940,0.0,0.0
2021-02-08 00:00:00-05:00,4560.0,4590.0,4250.0,4330.0,848610,0.0,0.0
2021-02-09 00:00:00-05:00,4330.0,4330.0,4330.0,4330.0,0,0.0,0.0
2021-02-10 00:00:00-05:00,4330.0,4330.0,4330.0,4330.0,0,0.0,0.0
2021-02-11 00:00:00-05:00,4330.0,4330.0,4330.0,4330.0,0,0.0,0.0
2021-02-12 00:00:00-05:00,4330.0,4330.0,4330.0,4330.0,0,0.0,0.0
2021-02-16 00:00:00-05:00,4330.0,4330.0,4330.0,4330.0,0,0.0,0.0
2021-02-17 00:00:00-05:00,4630.0,4830.0,4560.0,4830.0,683480,0.0,0.0
2021-02-18 00:00:00-05:00,4850.0,4940.0,4700.0,4850.0,762690,0.0,0.0
2021-02-19 00:00:00-05:00,4800.0,4880.0,4750.0,4810.0,489540,0.0,0.0
2021-02-22 00:00:00-05:00,4810.0,4860.0,4760.0,4790.0,620460,0.0,0.0
2021-02-23 00:00:00-05:00,4780.0,4780.0,4640.0,4680.0,981260,0.0,0.0
2021-02-24 00:00:00-05:00,4680.0,4680.0,4680.0,4680.0,0,0.0,0.0
2021-02-25 00:00:00-05:00,4640.0,4650.0,4510.0,4600.0,575810,0.0,0.0
2021-02-26 00:00:00-05:00,4550.0,4790.0,4500.0,4700.0,500980,0.0,0.0
2021-03-01 00:00:00-05:00,4670.0,4710.0,4610.0,4700.0,404720,0.0,0.0
2021-03-02 00:00:00-05:00,4720.0,4740.0,4680.0,4710.0,482290,0.0,0.0
2021-03-03 00:00:00-05:00,4710.0,4850.0,4680.0,4830.0,515900,0.0,0.0
2021-03-04 00:00:00-05:00,4860.0,5000.0,4700.0,4800.0,1040000,0.0,0.0
2021-03-05 00:00:00-05:00,4800.0,4860.0,4700.0,4840.0,403280,0.0,0.0
2021-03-08 00:00:00-05:00,4900.0,4900.0,4800.0,4850.0,616940,0.0,0.0
2021-03-09 00:00:00-05:00,4850.0,5100.0,4800.0,5000.0,1184480,0.0,0.0
2021-03-10 00:00:00-05:00,5000.0,5160.0,5000.0,5140.0,1023060,0.0,0.0
2021-03-11 00:00:00-05:00,5150.0,5190.0,5100.0,5110.0,743680,0.0,0.0
2021-03-12 00:00:00-05:00,5100.0,5110.0,5030.0,5060.0,947460,0.0,0.0
2021-03-15 00:00:00-04:00,5100.0,5350.0,5060.0,5240.0,1148300,0.0,0.0
2021-03-16 00:00:00-04:00,5280.0,5280.0,5150.0,5230.0,762620,0.0,0.0
2021-03-17 00:00:00-04:00,5230.0,5400.0,5180.0,5220.0,774040,0.0,0.0
2021-03-18 00:00:00-04:00,5250.0,5260.0,5200.0,5220.0,583280,0.0,0.0
2021-03-19 00:00:00-04:00,5200.0,5220.0,5110.0,5190.0,603510,0.0,0.0
2021-03-22 00:00:00-04:00,5200.0,5320.0,5170.0,5260.0,718710,0.0,0.0
2021-03-23 00:00:00-04:00,5220.0,5270.0,5210.0,5230.0,636900,0.0,0.0
2021-03-24 00:00:00-04:00,5200.0,5230.0,5100.0,5190.0,659430,0.0,0.0
2021-03-25 00:00:00-04:00,5190.0,5220.0,5100.0,5150.0,574890,0.0,0.0
2021-03-26 00:00:00-04:00,5100.0,5150.0,4900.0,5130.0,735660,0.0,0.0
2021-03-29 00:00:00-04:00,5150.0,5480.0,5000.0,5480.0,1407780,0.0,0.0
2021-03-30 00:00:00-04:00,5630.0,5800.0,5510.0,5590.0,972270,0.0,0.0
2021-03-31 00:00:00-04:00,5580.0,5650.0,5500.0,5550.0,695860,0.0,0.0
2021-04-01 00:00:00-04:00,5500.0,5660.0,5500.0,5580.0,614090,0.0,0.0
2021-04-05 00:00:00-04:00,5750.0,5750.0,5630.0,5660.0,770140,0.0,0.0
2021-04-06 00:00:00-04:00,5660.0,5700.0,5610.0,5660.0,743870,0.0,0.0
2021-04-07 00:00:00-04:00,5660.0,5830.0,5630.0,5720.0,922200,0.0,0.0
2021-04-08 00:00:00-04:00,5800.0,5800.0,5690.0,5740.0,767580,0.0,0.0
2021-04-09 00:00:00-04:00,5750.0,5900.0,5720.0,5830.0,904340,0.0,0.0
2021-04-12 00:00:00-04:00,5830.0,6230.0,5830.0,6230.0,2745120,0.0,0.0
2021-04-13 00:00:00-04:00,6300.0,6300.0,6010.0,6090.0,1830860,0.0,0.0
2021-04-14 00:00:00-04:00,6000.0,6320.0,5960.0,6050.0,1895210,0.0,0.0
2021-04-15 00:00:00-04:00,6120.0,6230.0,6050.0,6090.0,1606550,0.0,0.0
2021-04-16 00:00:00-04:00,6080.0,6140.0,5780.0,5990.0,1560460,0.0,0.0
2021-04-19 00:00:00-04:00,6000.0,6000.0,5700.0,5920.0,1210130,0.0,0.0
2021-04-20 00:00:00-04:00,5810.0,5920.0,5800.0,5810.0,1023490,0.0,0.0
2021-04-21 00:00:00-04:00,5810.0,5810.0,5810.0,5810.0,0,0.0,0.0
2021-04-22 00:00:00-04:00,5410.0,5410.0,5410.0,5410.0,1921920,0.0,0.0
2021-04-23 00:00:00-04:00,5040.0,5040.0,5040.0,5040.0,1246220,0.0,0.0
2021-04-26 00:00:00-04:00,5200.0,5360.0,5060.0,5330.0,2373160,0.0,0.0
2021-04-27 00:00:00-04:00,5300.0,5430.0,5230.0,5300.0,558480,0.0,0.0
2021-04-28 00:00:00-04:00,5240.0,5400.0,5190.0,5400.0,514000,0.0,0.0
2021-04-29 00:00:00-04:00,5400.0,5600.0,5300.0,5440.0,545860,0.0,0.0
2021-04-30 00:00:00-04:00,5440.0,5440.0,5440.0,5440.0,0,0.0,0.0
2021-05-03 00:00:00-04:00,5440.0,5440.0,5440.0,5440.0,0,0.0,0.0
2021-05-04 00:00:00-04:00,5200.0,5350.0,5060.0,5280.0,804450,0.0,0.0
2021-05-05 00:00:00-04:00,5200.0,5360.0,5190.0,5360.0,652640,0.0,0.0
2021-05-06 00:00:00-04:00,5360.0,5380.0,5250.0,5360.0,511070,0.0,0.0
2021-05-07 00:00:00-04:00,5360.0,5360.0,5220.0,5300.0,767080,0.0,0.0
2021-05-10 00:00:00-04:00,5200.0,5290.0,5200.0,5250.0,871180,0.0,0.0
2021-05-11 00:00:00-04:00,5210.0,5310.0,5190.0,5240.0,442650,0.0,0.0
2021-05-12 00:00:00-04:00,5240.0,5600.0,5200.0,5600.0,945250,0.0,0.0
2021-05-13 00:00:00-04:00,5650.0,5750.0,5560.0,5580.0,783960,0.0,0.0
2021-05-14 00:00:00-04:00,5570.0,5650.0,5510.0,5570.0,401210,0.0,0.0
2021-05-17 00:00:00-04:00,5500.0,5600.0,5400.0,5410.0,525880,0.0,0.0
2021-05-18 00:00:00-04:00,5320.0,5350.0,5270.0,5290.0,242210,0.0,0.0
2021-05-19 00:00:00-04:00,5290.0,5370.0,5250.0,5250.0,302740,0.0,0.0
2021-05-20 00:00:00-04:00,5250.0,5250.0,5180.0,5180.0,286160,0.0,0.0
2021-05-21 00:00:00-04:00,5130.0,5360.0,5130.0,5240.0,195880,0.0,0.0
2021-05-24 00:00:00-04:00,5240.0,5340.0,5220.0,5220.0,195900,0.0,0.0
2021-05-25 00:00:00-04:00,5280.0,5300.0,5200.0,5250.0,320510,0.0,0.0
2021-05-26 00:00:00-04:00,5250.0,5530.0,5180.0,5350.0,489380,0.0,0.0
2021-05-27 00:00:00-04:00,5350.0,5370.0,5180.0,5200.0,226390,0.0,0.0
2021-05-28 00:00:00-04:00,5150.0,5250.0,5150.0,5220.0,336750,0.0,0.0
2021-06-01 00:00:00-04:00,5120.0,5160.0,5100.0,5110.0,276360,0.0,0.0
2021-06-02 00:00:00-04:00,5060.0,5250.0,5060.0,5210.0,312330,0.0,0.0
2021-06-03 00:00:00-04:00,5210.0,5310.0,5210.0,5260.0,455440,0.0,0.0
2021-06-04 00:00:00-04:00,5400.0,5450.0,5260.0,5280.0,606980,0.0,0.0
2021-06-07 00:00:00-04:00,5200.0,5390.0,5180.0,5380.0,4262200,0.0,0.0
2021-06-08 00:00:00-04:00,5380.0,5380.0,5380.0,5380.0,0,0.0,0.0
2021-06-09 00:00:00-04:00,5410.0,5490.0,5350.0,5490.0,4542500,0.0,0.0
2021-06-10 00:00:00-04:00,5490.0,5650.0,5430.0,5500.0,5722700,0.0,0.0
2021-06-11 00:00:00-04:00,5490.0,5580.0,5460.0,5490.0,3010100,0.0,0.0
2021-06-14 00:00:00-04:00,5600.0,5800.0,5560.0,5720.0,8094800,0.0,0.0
2021-06-15 00:00:00-04:00,5790.0,6090.0,5710.0,6010.0,11079000,0.0,0.0
2021-06-16 00:00:00-04:00,6000.0,6050.0,5800.0,6020.0,8705400,0.0,0.0
2021-06-17 00:00:00-04:00,5950.0,6030.0,5910.0,6000.0,4896500,0.0,0.0
2021-06-18 00:00:00-04:00,6100.0,6150.0,5950.0,6050.0,6906600,0.0,0.0
2021-06-21 00:00:00-04:00,6050.0,6340.0,5980.0,6200.0,12329900,0.0,0.0
2021-06-22 00:00:00-04:00,6200.0,6300.0,6140.0,6160.0,8541100,0.0,0.0
2021-06-29 00:00:00-04:00,6010.0,6040.0,5960.0,6040.0,4968200,0.0,0.0
2021-06-30 00:00:00-04:00,5920.0,6020.0,5900.0,5900.0,2467400,0.0,0.0
2021-07-01 00:00:00-04:00,5900.0,5910.0,5780.0,5800.0,5294800,0.0,0.0
2021-07-02 00:00:00-04:00,5820.0,5840.0,5720.0,5750.0,3777800,0.0,0.0
2021-07-06 00:00:00-04:00,5750.0,5750.0,5750.0,5750.0,0,0.0,0.0
2021-07-07 00:00:00-04:00,5750.0,5750.0,5750.0,5750.0,0,0.0,0.0
2021-07-08 00:00:00-04:00,5750.0,5750.0,5750.0,5750.0,0,0.0,0.0
2021-07-09 00:00:00-04:00,5350.0,5400.0,5200.0,5220.0,1741100,0.0,0.0
2021-07-12 00:00:00-04:00,5220.0,5220.0,5220.0,5220.0,0,0.0,0.0
2021-07-13 00:00:00-04:00,4900.0,5100.0,4800.0,5100.0,2133700,0.0,0.0
2021-07-14 00:00:00-04:00,5100.0,5100.0,5100.0,5100.0,0,0.0,0.0
2021-07-15 00:00:00-04:00,5050.0,5160.0,5000.0,5110.0,928700,0.0,0.0
2021-07-16 00:00:00-04:00,5110.0,5110.0,5110.0,5110.0,0,0.0,0.0
2021-07-19 00:00:00-04:00,4950.0,5000.0,4780.0,4910.0,2623900,0.0,0.0
2021-07-20 00:00:00-04:00,4850.0,4960.0,4790.0,4960.0,1233800,0.0,0.0
2021-07-21 00:00:00-04:00,4960.0,4990.0,4880.0,4950.0,1065400,0.0,0.0
2021-07-22 00:00:00-04:00,4940.0,5100.0,4870.0,5050.0,1950900,0.0,0.0
2021-07-23 00:00:00-04:00,5050.0,5050.0,4900.0,4900.0,1153300,0.0,0.0
2021-07-26 00:00:00-04:00,4560.0,4900.0,4560.0,4780.0,9897800,0.0,0.0
2021-07-27 00:00:00-04:00,5000.0,5080.0,4850.0,5000.0,3466700,0.0,0.0
2021-07-28 00:00:00-04:00,5070.0,5140.0,4980.0,5000.0,2519900,0.0,0.0
2021-07-29 00:00:00-04:00,4990.0,5070.0,4970.0,5040.0,2708800,0.0,0.0
2021-07-30 00:00:00-04:00,5040.0,5050.0,5000.0,5010.0,1955000,0.0,0.0
2021-08-02 00:00:00-04:00,5010.0,5010.0,5010.0,5010.0,0,0.0,0.0
2021-08-03 00:00:00-04:00,5050.0,5120.0,5040.0,5090.0,2494700,0.0,0.0
2021-08-04 00:00:00-04:00,5090.0,5090.0,5090.0,5090.0,0,0.0,0.0
2021-08-05 00:00:00-04:00,5290.0,5480.0,5200.0,5460.0,4535400,0.0,0.0
2021-08-06 00:00:00-04:00,5500.0,5600.0,5370.0,5450.0,4262200,0.0,0.0
2021-08-09 00:00:00-04:00,5390.0,5450.0,5310.0,5400.0,3367000,0.0,0.0
2021-08-10 00:00:00-04:00,5400.0,5400.0,5400.0,5400.0,0,0.0,0.0
2021-08-11 00:00:00-04:00,5350.0,5400.0,5350.0,5360.0,3117700,0.0,0.0
2021-08-12 00:00:00-04:00,5320.0,5360.0,5250.0,5250.0,3065700,0.0,0.0
2021-08-13 00:00:00-04:00,5250.0,5320.0,5100.0,5200.0,2470400,0.0,0.0
2021-08-16 00:00:00-04:00,5200.0,5250.0,5120.0,5160.0,4073000,0.0,0.0
2021-08-17 00:00:00-04:00,5160.0,5160.0,5160.0,5160.0,0,0.0,0.0
2021-08-18 00:00:00-04:00,5250.0,5350.0,5230.0,5250.0,2034900,0.0,0.0
2021-08-19 00:00:00-04:00,5230.0,5250.0,5110.0,5110.0,3895000,0.0,0.0
2021-08-20 00:00:00-04:00,5110.0,5150.0,4950.0,5110.0,5324300,0.0,0.0
2021-08-23 00:00:00-04:00,5050.0,5110.0,4950.0,5000.0,2383000,0.0,0.0
2021-08-24 00:00:00-04:00,5000.0,5110.0,4970.0,5000.0,1963400,0.0,0.0
2021-08-25 00:00:00-04:00,5000.0,5030.0,4970.0,5000.0,1585900,0.0,0.0
2021-08-26 00:00:00-04:00,5020.0,5090.0,4980.0,5020.0,1782600,0.0,0.0
2021-08-27 00:00:00-04:00,5030.0,5050.0,4990.0,5050.0,2399200,0.0,0.0
2021-08-30 00:00:00-04:00,5050.0,5080.0,5020.0,5050.0,2366500,0.0,0.0
2021-08-31 00:00:00-04:00,5050.0,5180.0,5030.0,5100.0,2460700,0.0,0.0
2021-09-01 00:00:00-04:00,5100.0,5200.0,5070.0,5130.0,2245000,0.0,0.0
2021-09-02 00:00:00-04:00,5130.0,5130.0,5130.0,5130.0,0,0.0,0.0
2021-09-03 00:00:00-04:00,5130.0,5130.0,5130.0,5130.0,0,0.0,0.0
2021-09-07 00:00:00-04:00,5200.0,5210.0,5050.0,5100.0,2362400,0.0,0.0
2021-09-08 00:00:00-04:00,5100.0,5100.0,5100.0,5100.0,0,0.0,0.0
2021-09-09 00:00:00-04:00,5020.0,5070.0,4950.0,5070.0,3154900,0.0,0.0
2021-09-10 00:00:00-04:00,4950.0,5050.0,4940.0,4980.0,3304400,0.0,0.0
2021-09-13 00:00:00-04:00,4990.0,5100.0,4950.0,5100.0,6175000,0.0,0.0
2021-09-14 00:00:00-04:00,5080.0,5090.0,5000.0,5010.0,2158600,0.0,0.0
2021-09-15 00:00:00-04:00,5020.0,5040.0,4990.0,5010.0,2720000,0.0,0.0
2021-09-16 00:00:00-04:00,5000.0,5020.0,4970.0,5000.0,3228800,0.0,0.0
2021-09-17 00:00:00-04:00,5000.0,5290.0,5000.0,5150.0,7017700,0.0,0.0
2021-09-20 00:00:00-04:00,5200.0,5330.0,5130.0,5200.0,7549500,0.0,0.0
2021-09-21 00:00:00-04:00,5200.0,5200.0,5200.0,5200.0,0,0.0,0.0
2021-09-22 00:00:00-04:00,5200.0,5200.0,5200.0,5200.0,0,0.0,0.0
2021-09-23 00:00:00-04:00,5600.0,5640.0,5200.0,5240.0,10404900,0.0,0.0
2021-09-24 00:00:00-04:00,5310.0,5340.0,5240.0,5240.0,377640000,0.0,0.0
2021-09-27 00:00:00-04:00,5210.0,5220.0,5010.0,5010.0,7771300,0.0,0.0
2021-09-28 00:00:00-04:00,4970.0,5090.0,4970.0,5060.0,4070400,0.0,0.0
2021-09-29 00:00:00-04:00,5090.0,5160.0,5020.0,5070.0,4797900,0.0,0.0
2021-09-30 00:00:00-04:00,5080.0,5130.0,5050.0,5060.0,3290900,0.0,0.0
2021-10-01 00:00:00-04:00,5020.0,5090.0,5000.0,5000.0,3523100,0.0,0.0
2021-10-04 00:00:00-04:00,5010.0,5060.0,4980.0,5000.0,323210000,0.0,0.0
2021-10-05 00:00:00-04:00,5030.0,5040.0,4990.0,5010.0,2704100,0.0,0.0
2021-10-06 00:00:00-04:00,5010.0,5010.0,5010.0,5010.0,0,0.0,0.0
2021-10-07 00:00:00-04:00,5040.0,5080.0,5030.0,5040.0,3991600,0.0,0.0
2021-10-08 00:00:00-04:00,5040.0,5040.0,5040.0,5040.0,0,0.0,0.0
2021-10-11 00:00:00-04:00,5040.0,5040.0,5040.0,5040.0,0,0.0,0.0
2021-10-12 00:00:00-04:00,5040.0,5080.0,5000.0,5020.0,5796300,0.0,0.0
2021-10-13 00:00:00-04:00,5010.0,5070.0,5010.0,5040.0,4711100,0.0,0.0
2021-10-14 00:00:00-04:00,5040.0,5040.0,5040.0,5040.0,0,0.0,0.0
2021-10-15 00:00:00-04:00,5200.0,5240.0,5080.0,5100.0,3933300,0.0,0.0
2021-10-18 00:00:00-04:00,5100.0,5100.0,5100.0,5100.0,0,0.0,0.0
2021-10-19 00:00:00-04:00,5070.0,5100.0,5040.0,5040.0,4810200,0.0,0.0
2021-10-20 00:00:00-04:00,5040.0,5080.0,5020.0,5040.0,6181700,0.0,0.0
2021-10-21 00:00:00-04:00,5060.0,5150.0,5040.0,5080.0,7123500,0.0,0.0
2021-10-22 00:00:00-04:00,5080.0,5120.0,5040.0,5050.0,6204300,0.0,0.0
2021-10-25 00:00:00-04:00,5050.0,5050.0,5050.0,5050.0,0,0.0,0.0
2021-10-26 00:00:00-04:00,5050.0,5050.0,5050.0,5050.0,0,0.0,0.0
2021-10-27 00:00:00-04:00,5050.0,5050.0,5050.0,5050.0,0,0.0,0.0
2021-10-28 00:00:00-04:00,5050.0,5270.0,5050.0,5160.0,20260000,0.0,0.0
2021-10-29 00:00:00-04:00,5240.0,5240.0,5140.0,5150.0,9104300,0.0,0.0
2021-11-01 00:00:00-04:00,5150.0,5150.0,5150.0,5150.0,0,0.0,0.0
2021-11-02 00:00:00-04:00,5700.0,5560.0,5550.0,5750.0,25670600,0.0,0.0
2021-11-03 00:00:00-04:00,5640.0,5650.0,5350.0,5360.0,20016000,0.0,0.0
2021-11-04 00:00:00-04:00,5350.0,5450.0,5250.0,5370.0,12477400,0.0,0.0
2021-11-05 00:00:00-04:00,5500.0,5740.0,5480.0,5740.0,33020700,0.0,0.0
2021-11-08 00:00:00-05:00,6140.0,6140.0,6000.0,6140.0,23883300,0.0,0.0
2021-11-09 00:00:00-05:00,6530.0,6560.0,6220.0,6560.0,45006400,0.0,0.0
2021-11-10 00:00:00-05:00,6560.0,6890.0,6450.0,6700.0,26083300,0.0,0.0
2021-11-11 00:00:00-05:00,6690.0,7160.0,6560.0,7130.0,38787400,0.0,0.0
2021-11-12 00:00:00-05:00,7010.0,7620.0,7010.0,7620.0,42283700,0.0,0.0
2021-11-15 00:00:00-05:00,7980.0,8150.0,7700.0,8150.0,34541700,0.0,0.0
2021-11-16 00:00:00-05:00,8000.0,8620.0,7700.0,8280.0,36387300,0.0,0.0
2021-11-17 00:00:00-05:00,8140.0,8500.0,7990.0,8200.0,30650000,0.0,0.0
2021-11-18 00:00:00-05:00,8200.0,8690.0,8110.0,8610.0,26427200,0.0,0.0
2021-11-19 00:00:00-05:00,8700.0,8850.0,8010.0,8010.0,36244000,0.0,0.0
2021-11-22 00:00:00-05:00,7800.0,7980.0,7450.0,7450.0,39898700,0.0,0.0
2021-11-23 00:00:00-05:00,6930.0,7320.0,6930.0,7150.0,35565000,0.0,0.0
2021-11-24 00:00:00-05:00,7340.0,7590.0,7000.0,7060.0,17658100,0.0,0.0
2021-11-26 00:00:00-05:00,7780.0,7780.0,7190.0,7200.0,19827900,0.0,0.0
2021-11-29 00:00:00-05:00,6900.0,7700.0,6900.0,7700.0,18009500,0.0,0.0
2021-11-30 00:00:00-05:00,8230.0,8230.0,8000.0,8230.0,39204800,0.0,0.0
2021-12-01 00:00:00-05:00,8300.0,8750.0,8250.0,8700.0,31901600,0.0,0.0
2021-12-02 00:00:00-05:00,8780.0,9150.0,8710.0,8800.0,24739300,0.0,0.0
2021-12-03 00:00:00-05:00,8600.0,9200.0,8280.0,8800.0,38149900,0.0,0.0
2021-12-06 00:00:00-05:00,9000.0,9050.0,8500.0,8630.0,27811200,0.0,0.0
2021-12-07 00:00:00-05:00,8780.0,9230.0,8660.0,9230.0,36507500,0.0,0.0
2021-12-08 00:00:00-05:00,9800.0,9870.0,9600.0,9870.0,38298600,0.0,0.0
2021-12-09 00:00:00-05:00,9700.0,10550.0,9650.0,10200.0,48775500,0.0,0.0
2021-12-10 00:00:00-05:00,10000.0,10800.0,9880.0,10550.0,30816400,0.0,0.0
2021-12-13 00:00:00-05:00,10900.0,11250.0,10550.0,11250.0,16543600,0.0,0.0
2021-12-14 00:00:00-05:00,11800.0,12000.0,11350.0,12000.0,57953800,0.0,0.0
2021-12-15 00:00:00-05:00,12000.0,12750.0,11550.0,12200.0,38318000,0.0,0.0
2021-12-16 00:00:00-05:00,12100.0,13050.0,11800.0,13050.0,26516600,0.0,0.0
2021-12-17 00:00:00-05:00,13100.0,13800.0,12150.0,12150.0,34726800,0.0,0.0
2021-12-20 00:00:00-05:00,11500.0,12750.0,11450.0,12750.0,48861900,0.0,0.0
2021-12-21 00:00:00-05:00,13000.0,13600.0,12750.0,13600.0,30251400,0.0,0.0
2021-12-22 00:00:00-05:00,14000.0,14550.0,13800.0,14500.0,27611500,0.0,0.0
2021-12-23 00:00:00-05:00,14450.0,15350.0,13900.0,14900.0,45357300,0.0,0.0
2021-12-27 00:00:00-05:00,14200.0,14700.0,13800.0,14500.0,24042600,0.0,0.0
2021-12-28 00:00:00-05:00,14450.0,14800.0,13550.0,13550.0,49657000,0.0,0.0
2021-12-29 00:00:00-05:00,13750.0,14450.0,13550.0,14450.0,30448700,0.0,0.0
2021-12-30 00:00:00-05:00,14550.0,15100.0,14000.0,14250.0,16190700,0.0,0.0
2021-12-31 00:00:00-05:00,14050.0,14250.0,13300.0,13300.0,43159100,0.0,0.0
2022-01-04 00:00:00-05:00,13450.0,13750.0,12800.0,13000.0,33642800,0.0,0.0
2022-01-05 00:00:00-05:00,13050.0,13900.0,12800.0,13900.0,32897500,0.0,0.0
2022-01-06 00:00:00-05:00,14200.0,14600.0,14000.0,14200.0,23986300,0.0,0.0
2022-01-07 00:00:00-05:00,14000.0,14600.0,14000.0,14300.0,31557000,0.0,0.0
2022-01-10 00:00:00-05:00,14600.0,15300.0,14250.0,15300.0,62236100,0.0,0.0
2022-01-11 00:00:00-05:00,15700.0,16200.0,15000.0,15250.0,26730300,0.0,0.0
2022-01-12 00:00:00-05:00,15250.0,15750.0,14200.0,14850.0,41422400,0.0,0.0
2022-01-13 00:00:00-05:00,14600.0,15100.0,13850.0,14000.0,51223000,0.0,0.0
2022-01-14 00:00:00-05:00,13200.0,14950.0,13200.0,14950.0,21655100,0.0,0.0
2022-01-18 00:00:00-05:00,15300.0,15750.0,14600.0,14900.0,21903300,0.0,0.0
2022-01-19 00:00:00-05:00,15200.0,15300.0,13900.0,13900.0,24798700,0.0,0.0
2022-01-20 00:00:00-05:00,13500.0,14250.0,12950.0,13400.0,31633300,0.0,0.0
2022-01-21 00:00:00-05:00,13550.0,14200.0,13300.0,13650.0,15436500,0.0,0.0
2022-01-24 00:00:00-05:00,13600.0,13600.0,12700.0,12700.0,31142300,0.0,0.0
2022-01-25 00:00:00-05:00,12000.0,12500.0,11850.0,11850.0,37251100,0.0,0.0
2022-01-26 00:00:00-05:00,11650.0,12650.0,11100.0,12650.0,31958300,0.0,0.0
2022-01-27 00:00:00-05:00,12900.0,13300.0,12650.0,12650.0,8091400,0.0,0.0
2022-01-28 00:00:00-05:00,11800.0,12250.0,11800.0,11800.0,38886900,0.0,0.0
2022-01-31 00:00:00-05:00,11800.0,11800.0,11800.0,11800.0,0,0.0,0.0
2022-02-07 00:00:00-05:00,12550.0,12550.0,11800.0,11800.0,14258300,0.0,0.0
2022-02-08 00:00:00-05:00,11800.0,12300.0,11600.0,12200.0,9469800,0.0,0.0
2022-02-09 00:00:00-05:00,12200.0,12600.0,11900.0,12450.0,11636300,0.0,0.0
2022-02-10 00:00:00-05:00,12450.0,12950.0,12300.0,12650.0,15518200,0.0,0.0
2022-02-11 00:00:00-05:00,12500.0,13000.0,12350.0,12400.0,12232900,0.0,0.0
2022-02-14 00:00:00-05:00,11550.0,11800.0,11550.0,11550.0,11254700,0.0,0.0
2022-02-15 00:00:00-05:00,11550.0,11550.0,11550.0,11550.0,0,0.0,0.0
2022-02-16 00:00:00-05:00,11900.0,12000.0,11050.0,11100.0,14089500,0.0,0.0
2022-02-17 00:00:00-05:00,11050.0,11300.0,10650.0,11150.0,13441400,0.0,0.0
2022-02-18 00:00:00-05:00,10800.0,11700.0,10800.0,11000.0,17305700,0.0,0.0
2022-02-22 00:00:00-05:00,11000.0,11700.0,11000.0,11500.0,16867500,0.0,0.0
2022-02-23 00:00:00-05:00,11500.0,11800.0,11200.0,11250.0,11979700,0.0,0.0
2022-02-24 00:00:00-05:00,11150.0,11250.0,10500.0,10500.0,37187200,0.0,0.0
2022-02-25 00:00:00-05:00,10550.0,10750.0,10100.0,10200.0,21351900,0.0,0.0
2022-02-28 00:00:00-05:00,10500.0,10700.0,10150.0,10250.0,17110300,0.0,0.0
2022-03-01 00:00:00-05:00,10300.0,10950.0,10250.0,10950.0,16658500,0.0,0.0
2022-03-02 00:00:00-05:00,11700.0,11700.0,11200.0,11250.0,23846200,0.0,0.0
