Date,Open,High,Low,Close,Volume,Dividends,Stock Splits,Capital Gains
2019-01-02 00:00:00-05:00,23769.19921875,24192.30078125,23692.30078125,23692.30078125,5455073,0.0,0.0,0.0
2019-01-03 00:00:00-05:00,23653.80078125,23769.19921875,22692.30078125,22692.30078125,8940763,0.0,0.0,0.0
2019-01-04 00:00:00-05:00,22615.400390625,23076.900390625,22076.900390625,22846.19921875,7593677,0.0,0.0,0.0
2019-01-07 00:00:00-05:00,23307.69921875,23346.19921875,22423.099609375,22576.900390625,3235596,0.0,0.0,0.0
2019-01-08 00:00:00-05:00,22615.400390625,22692.30078125,22076.900390625,22192.30078125,4095806,0.0,0.0,0.0
2019-01-09 00:00:00-05:00,22307.69921875,22923.099609375,22307.69921875,22692.30078125,2438826,0.0,0.0,0.0
2019-01-10 00:00:00-05:00,22769.19921875,23153.80078125,22692.30078125,22923.099609375,2319031,0.0,0.0,0.0
2019-01-11 00:00:00-05:00,22923.099609375,23000.0,22576.900390625,22576.900390625,3457181,0.0,0.0,0.0
2019-01-14 00:00:00-05:00,22615.400390625,22653.80078125,22192.30078125,22538.5,4194814,0.0,0.0,0.0
2019-01-15 00:00:00-05:00,22538.5,22769.19921875,22423.099609375,22538.5,3432559,0.0,0.0,0.0
2019-01-16 00:00:00-05:00,22615.400390625,22807.69921875,22423.099609375,22653.80078125,3875924,0.0,0.0,0.0
2019-01-17 00:00:00-05:00,22653.80078125,22653.80078125,22230.80078125,22230.80078125,2545205,0.0,0.0,0.0
2019-01-18 00:00:00-05:00,22538.5,22653.80078125,22423.099609375,22461.5,2756806,0.0,0.0,0.0
2019-01-22 00:00:00-05:00,22846.19921875,22961.5,22653.80078125,22692.30078125,2164903,0.0,0.0,0.0
2019-01-23 00:00:00-05:00,22615.400390625,23384.599609375,22576.900390625,23115.400390625,4925310,0.0,0.0,0.0
2019-01-24 00:00:00-05:00,23153.80078125,23384.599609375,22961.5,22961.5,3103139,0.0,0.0,0.0
2019-01-25 00:00:00-05:00,23076.900390625,23153.80078125,22730.80078125,22846.19921875,2092857,0.0,0.0,0.0
2019-01-28 00:00:00-05:00,22923.099609375,22923.099609375,22769.19921875,22884.599609375,2225002,0.0,0.0,0.0
2019-01-29 00:00:00-05:00,22961.5,22961.5,22692.30078125,22846.19921875,2358915,0.0,0.0,0.0
2019-01-30 00:00:00-05:00,22769.19921875,22769.19921875,22192.30078125,22307.69921875,8795332,0.0,0.0,0.0
2019-01-31 00:00:00-05:00,22307.69921875,22423.099609375,21230.80078125,21307.69921875,9323132,0.0,0.0,0.0
2019-02-01 00:00:00-05:00,21423.099609375,21692.30078125,20769.19921875,21000.0,9230234,0.0,0.0,0.0
2019-02-04 00:00:00-05:00,21000.0,21000.0,21000.0,21000.0,0,0.0,0.0,0.0
2019-02-05 00:00:00-05:00,21000.0,21000.0,21000.0,21000.0,0,0.0,0.0,0.0
2019-02-06 00:00:00-05:00,21000.0,21000.0,21000.0,21000.0,0,0.0,0.0,0.0
2019-02-07 00:00:00-05:00,21000.0,21000.0,21000.0,21000.0,0,0.0,0.0,0.0
2019-02-08 00:00:00-05:00,21000.0,21000.0,21000.0,21000.0,0,0.0,0.0,0.0
2019-02-11 00:00:00-05:00,21269.19921875,22230.80078125,21230.80078125,22230.80078125,3687411,0.0,0.0,0.0
2019-02-12 00:00:00-05:00,22230.80078125,22961.5,22115.400390625,22692.30078125,10338120,0.0,0.0,0.0
2019-02-13 00:00:00-05:00,22692.30078125,23923.099609375,22692.30078125,23769.19921875,14403363,0.0,0.0,0.0
2019-02-14 00:00:00-05:00,23769.19921875,24076.900390625,23692.30078125,23846.19921875,8392592,0.0,0.0,0.0
2019-02-15 00:00:00-05:00,23846.19921875,25000.0,23692.30078125,24307.69921875,12124060,0.0,0.0,0.0
2019-02-19 00:00:00-05:00,24961.5,25000.0,24346.19921875,24384.599609375,7675772,0.0,0.0,0.0
2019-02-20 00:00:00-05:00,24384.599609375,24846.19921875,24346.19921875,24769.19921875,7641777,0.0,0.0,0.0
2019-02-21 00:00:00-05:00,24846.19921875,25153.80078125,24538.5,25153.80078125,7813143,0.0,0.0,0.0
2019-02-22 00:00:00-05:00,25115.400390625,26115.400390625,25038.5,26076.900390625,10749895,0.0,0.0,0.0
2019-02-25 00:00:00-05:00,26500.0,27346.19921875,26307.69921875,26769.19921875,15316574,0.0,0.0,0.0
2019-02-26 00:00:00-05:00,26769.19921875,27230.80078125,26346.19921875,26538.5,9598693,0.0,0.0,0.0
2019-02-27 00:00:00-05:00,26884.599609375,26884.599609375,26269.19921875,26461.5,6498934,0.0,0.0,0.0
2019-02-28 00:00:00-05:00,26576.900390625,26615.400390625,25846.19921875,25846.19921875,9038640,0.0,0.0,0.0
2019-03-01 00:00:00-05:00,25846.19921875,26346.19921875,25846.19921875,26346.19921875,5994027,0.0,0.0,0.0
2019-03-04 00:00:00-05:00,26730.80078125,27192.30078125,26692.30078125,27192.30078125,6526546,0.0,0.0,0.0
2019-03-05 00:00:00-05:00,27000.0,27384.599609375,26884.599609375,26961.5,7416370,0.0,0.0,0.0
2019-03-06 00:00:00-05:00,26923.099609375,27076.900390625,26461.5,26923.099609375,4385212,0.0,0.0,0.0
2019-03-07 00:00:00-05:00,26923.099609375,26961.5,26230.80078125,26230.80078125,5922072,0.0,0.0,0.0
2019-03-08 00:00:00-05:00,26230.80078125,26230.80078125,26230.80078125,26230.80078125,0,0.0,0.0,0.0
2019-03-11 00:00:00-04:00,26307.69921875,26307.69921875,25846.19921875,26000.0,6316284,0.0,0.0,0.0
2019-03-12 00:00:00-04:00,26230.80078125,26269.19921875,25923.099609375,26038.5,6841341,0.0,0.0,0.0
2019-03-13 00:00:00-04:00,26153.80078125,26423.099609375,26076.900390625,26423.099609375,4161235,0.0,0.0,0.0
2019-03-14 00:00:00-04:00,26423.099609375,26653.80078125,26076.900390625,26307.69921875,5826899,0.0,0.0,0.0
2019-03-15 00:00:00-04:00,25384.599609375,25461.5,24500.0,24538.5,22138532,0.0,0.0,0.0
2019-03-18 00:00:00-04:00,24230.80078125,24923.099609375,23500.0,24500.0,13752622,0.0,0.0,0.0
2019-03-19 00:00:00-04:00,24461.5,24576.900390625,23923.099609375,24538.5,9601670,0.0,0.0,0.0
2019-03-20 00:00:00-04:00,24230.80078125,25076.900390625,24230.80078125,24846.19921875,7312747,0.0,0.0,0.0
2019-03-21 00:00:00-04:00,24846.19921875,24961.5,24576.900390625,24615.400390625,3559374,0.0,0.0,0.0
2019-03-22 00:00:00-04:00,24692.30078125,24769.19921875,24500.0,24576.900390625,5450575,0.0,0.0,0.0
2019-03-25 00:00:00-04:00,23923.099609375,24346.19921875,23923.099609375,24153.80078125,4857177,0.0,0.0,0.0
2019-03-26 00:00:00-04:00,24307.69921875,24423.099609375,24076.900390625,24307.69921875,4570748,0.0,0.0,0.0
2019-03-27 00:00:00-04:00,24538.5,24884.599609375,24346.19921875,24884.599609375,3301285,0.0,0.0,0.0
2019-03-28 00:00:00-04:00,24730.80078125,24961.5,24692.30078125,24961.5,3267095,0.0,0.0,0.0
2019-03-29 00:00:00-04:00,25038.5,25153.80078125,24538.5,24769.19921875,8494551,0.0,0.0,0.0
2019-04-01 00:00:00-04:00,24653.80078125,24769.19921875,24538.5,24576.900390625,4771455,0.0,0.0,0.0
2019-04-02 00:00:00-04:00,24769.19921875,24807.69921875,24576.900390625,24692.30078125,2335918,0.0,0.0,0.0
2019-04-03 00:00:00-04:00,24615.400390625,24730.80078125,24538.5,24692.30078125,4908540,0.0,0.0,0.0
2019-04-04 00:00:00-04:00,24730.80078125,24923.099609375,24615.400390625,24923.099609375,3594773,0.0,0.0,0.0
2019-04-05 00:00:00-04:00,24923.099609375,25115.400390625,24807.69921875,25000.0,2387723,0.0,0.0,0.0
2019-04-08 00:00:00-04:00,25000.0,25115.400390625,24846.19921875,24923.099609375,1795157,0.0,0.0,0.0
2019-04-09 00:00:00-04:00,24961.5,25000.0,24615.400390625,24692.30078125,3749265,0.0,0.0,0.0
2019-04-10 00:00:00-04:00,24615.400390625,24653.80078125,24346.19921875,24576.900390625,2869594,0.0,0.0,0.0
2019-04-11 00:00:00-04:00,24615.400390625,24653.80078125,24500.0,24576.900390625,1972009,0.0,0.0,0.0
2019-04-12 00:00:00-04:00,24576.900390625,24653.80078125,24500.0,24653.80078125,2050009,0.0,0.0,0.0
2019-04-15 00:00:00-04:00,24653.80078125,24653.80078125,24653.80078125,24653.80078125,0,0.0,0.0,0.0
2019-04-16 00:00:00-04:00,24538.5,24615.400390625,24269.19921875,24423.099609375,2010411,0.0,0.0,0.0
2019-04-17 00:00:00-04:00,24423.099609375,24500.0,24230.80078125,24307.69921875,2418442,0.0,0.0,0.0
2019-04-18 00:00:00-04:00,24153.80078125,24269.19921875,24076.900390625,24076.900390625,3105583,0.0,0.0,0.0
2019-04-22 00:00:00-04:00,24115.400390625,24692.30078125,24115.400390625,24500.0,2371096,0.0,0.0,0.0
2019-04-23 00:00:00-04:00,24615.400390625,24615.400390625,24500.0,24538.5,2191735,0.0,0.0,0.0
2019-04-24 00:00:00-04:00,24615.400390625,25653.80078125,24538.5,25653.80078125,7541742,0.0,0.0,0.0
2019-04-25 00:00:00-04:00,25769.19921875,25884.599609375,25384.599609375,25461.5,5323175,0.0,0.0,0.0
2019-04-26 00:00:00-04:00,25538.5,26000.0,25461.5,25846.19921875,3667014,0.0,0.0,0.0
2019-04-29 00:00:00-04:00,25846.19921875,25846.19921875,25846.19921875,25846.19921875,0,0.0,0.0,0.0
2019-04-30 00:00:00-04:00,25846.19921875,25846.19921875,25846.19921875,25846.19921875,0,0.0,0.0,0.0
2019-05-01 00:00:00-04:00,25846.19921875,25846.19921875,25846.19921875,25846.19921875,0,0.0,0.0,0.0
2019-05-02 00:00:00-04:00,25923.099609375,26153.80078125,25615.400390625,26153.80078125,4949906,0.0,0.0,0.0
2019-05-03 00:00:00-04:00,26153.80078125,26461.5,25923.099609375,26269.19921875,4544761,0.0,0.0,0.0
2019-05-06 00:00:00-04:00,25692.30078125,26000.0,25538.5,25730.80078125,5850065,0.0,0.0,0.0
2019-05-07 00:00:00-04:00,26000.0,26000.0,25692.30078125,25769.19921875,3666091,0.0,0.0,0.0
2019-05-08 00:00:00-04:00,25576.900390625,25615.400390625,25384.599609375,25500.0,3656380,0.0,0.0,0.0
2019-05-09 00:00:00-04:00,25423.099609375,25576.900390625,25076.900390625,25307.69921875,2746159,0.0,0.0,0.0
2019-05-10 00:00:00-04:00,25461.5,25538.5,25076.900390625,25269.19921875,2482051,0.0,0.0,0.0
2019-05-13 00:00:00-04:00,25346.19921875,25346.19921875,24615.400390625,24653.80078125,4953689,0.0,0.0,0.0
2019-05-14 00:00:00-04:00,24384.599609375,24923.099609375,24384.599609375,24923.099609375,2367001,0.0,0.0,0.0
2019-05-15 00:00:00-04:00,24923.099609375,25153.80078125,24846.19921875,24923.099609375,3298321,0.0,0.0,0.0
2019-05-16 00:00:00-04:00,24961.5,25153.80078125,24846.19921875,24846.19921875,1792193,0.0,0.0,0.0
2019-05-17 00:00:00-04:00,24846.19921875,24923.099609375,24769.19921875,24807.69921875,1939041,0.0,0.0,0.0
2019-05-20 00:00:00-04:00,24807.69921875,25423.099609375,24807.69921875,25230.80078125,2881333,0.0,0.0,0.0
2019-05-21 00:00:00-04:00,25346.19921875,25538.5,25230.80078125,25307.69921875,2791854,0.0,0.0,0.0
2019-05-22 00:00:00-04:00,25384.599609375,25692.30078125,25307.69921875,25384.599609375,3268655,0.0,0.0,0.0
2019-05-23 00:00:00-04:00,25384.599609375,25423.099609375,25115.400390625,25192.30078125,3293251,0.0,0.0,0.0
2019-05-24 00:00:00-04:00,25000.0,25115.400390625,24730.80078125,24730.80078125,4768140,0.0,0.0,0.0
2019-05-28 00:00:00-04:00,25000.0,25000.0,24653.80078125,24653.80078125,3690752,0.0,0.0,0.0
2019-05-29 00:00:00-04:00,24846.19921875,25000.0,24653.80078125,25000.0,2158338,0.0,0.0,0.0
2019-05-30 00:00:00-04:00,25000.0,25000.0,24576.900390625,24615.400390625,5452577,0.0,0.0,0.0
2019-05-31 00:00:00-04:00,24615.400390625,24769.19921875,24615.400390625,24692.30078125,4412564,0.0,0.0,0.0
2019-06-03 00:00:00-04:00,24653.80078125,24692.30078125,24153.80078125,24230.80078125,20744395,0.0,0.0,0.0
2019-06-04 00:00:00-04:00,24600.0,24800.0,24050.0,24300.0,3337800,0.0,0.0,0.0
2019-06-05 00:00:00-04:00,24400.0,24700.0,23700.0,23800.0,2988710,0.0,0.0,0.0
2019-06-06 00:00:00-04:00,23900.0,23900.0,22350.0,22700.0,7082600,0.0,0.0,0.0
2019-06-07 00:00:00-04:00,23000.0,23300.0,22850.0,22950.0,5101320,0.0,0.0,0.0
2019-06-10 00:00:00-04:00,23250.0,23400.0,22850.0,22900.0,6567230,0.0,0.0,0.0
2019-06-11 00:00:00-04:00,23000.0,23200.0,22700.0,23000.0,4409100,0.0,0.0,0.0
2019-06-12 00:00:00-04:00,22900.0,23250.0,22850.0,23100.0,3132550,0.0,0.0,0.0
2019-06-13 00:00:00-04:00,23400.0,23400.0,22900.0,23000.0,2523260,0.0,0.0,0.0
2019-06-14 00:00:00-04:00,23000.0,23050.0,22950.0,22950.0,2068100,0.0,0.0,0.0
2019-06-17 00:00:00-04:00,22950.0,23000.0,22450.0,22450.0,3644160,0.0,0.0,0.0
2019-06-18 00:00:00-04:00,22450.0,23100.0,22450.0,23050.0,5058220,0.0,0.0,0.0
2019-06-19 00:00:00-04:00,23450.0,23850.0,23300.0,23850.0,8365940,0.0,0.0,0.0
2019-06-20 00:00:00-04:00,24100.0,24100.0,23600.0,23600.0,4370160,0.0,0.0,0.0
2019-06-21 00:00:00-04:00,23900.0,23900.0,23600.0,23700.0,4429070,0.0,0.0,0.0
2019-06-24 00:00:00-04:00,23800.0,24050.0,23300.0,23350.0,3089270,0.0,0.0,0.0
2019-06-25 00:00:00-04:00,23200.0,23400.0,23000.0,23100.0,3284860,0.0,0.0,0.0
2019-06-26 00:00:00-04:00,23050.0,23250.0,22900.0,22900.0,1906040,0.0,0.0,0.0
2019-06-27 00:00:00-04:00,22900.0,22950.0,22550.0,22550.0,3756880,0.0,0.0,0.0
2019-06-28 00:00:00-04:00,22550.0,23500.0,22450.0,23500.0,3923340,0.0,0.0,0.0
2019-07-01 00:00:00-04:00,23200.0,23300.0,22800.0,23000.0,3836540,0.0,0.0,0.0
2019-07-02 00:00:00-04:00,23000.0,23000.0,22550.0,22600.0,4776600,0.0,0.0,0.0
2019-07-03 00:00:00-04:00,22600.0,22650.0,22100.0,22150.0,6315440,0.0,0.0,0.0
2019-07-05 00:00:00-04:00,22300.0,22450.0,22150.0,22300.0,3066930,0.0,0.0,0.0
2019-07-08 00:00:00-04:00,22200.0,22300.0,21700.0,21750.0,7429100,0.0,0.0,0.0
2019-07-09 00:00:00-04:00,21750.0,21750.0,21750.0,21750.0,0,0.0,0.0,0.0
2019-07-10 00:00:00-04:00,21400.0,21750.0,21300.0,21350.0,3745990,0.0,0.0,0.0
2019-07-11 00:00:00-04:00,21400.0,21650.0,21400.0,21550.0,3104040,0.0,0.0,0.0
2019-07-12 00:00:00-04:00,21700.0,22000.0,21650.0,21900.0,3366890,0.0,0.0,0.0
2019-07-15 00:00:00-04:00,22000.0,22000.0,21450.0,21450.0,3902390,0.0,0.0,0.0
2019-07-16 00:00:00-04:00,21600.0,21650.0,21450.0,21600.0,3475800,0.0,0.0,0.0
2019-07-17 00:00:00-04:00,21650.0,21650.0,21300.0,21350.0,5461170,0.0,0.0,0.0
2019-07-18 00:00:00-04:00,21350.0,21400.0,20850.0,20950.0,8482000,0.0,0.0,0.0
2019-07-19 00:00:00-04:00,21000.0,21200.0,20400.0,20600.0,11182000,0.0,0.0,0.0
2019-07-22 00:00:00-04:00,20600.0,21200.0,20300.0,20750.0,6886080,0.0,0.0,0.0
2019-07-23 00:00:00-04:00,20800.0,21750.0,20800.0,21700.0,9013000,0.0,0.0,0.0
2019-07-24 00:00:00-04:00,21700.0,21800.0,21400.0,21550.0,3697610,0.0,0.0,0.0
2019-07-25 00:00:00-04:00,21550.0,21550.0,21550.0,21550.0,0,0.0,0.0,0.0
2019-07-26 00:00:00-04:00,21550.0,21550.0,21550.0,21550.0,0,0.0,0.0,0.0
2019-07-29 00:00:00-04:00,21550.0,21550.0,21550.0,21550.0,0,0.0,0.0,0.0
2019-07-30 00:00:00-04:00,21550.0,21550.0,21550.0,21550.0,0,0.0,0.0,0.0
2019-07-31 00:00:00-04:00,21400.0,22550.0,21300.0,22550.0,6538340,0.0,0.0,0.0
2019-08-01 00:00:00-04:00,22500.0,22750.0,22250.0,22600.0,5949030,0.0,0.0,0.0
2019-08-02 00:00:00-04:00,22200.0,22550.0,22100.0,22450.0,7142250,0.0,0.0,0.0
2019-08-05 00:00:00-04:00,22350.0,22500.0,22000.0,22150.0,6163970,0.0,0.0,0.0
2019-08-06 00:00:00-04:00,22150.0,22150.0,22150.0,22150.0,0,0.0,0.0,0.0
2019-08-07 00:00:00-04:00,21900.0,22150.0,21800.0,22100.0,3485020,0.0,0.0,0.0
2019-08-08 00:00:00-04:00,22150.0,23300.0,22150.0,23300.0,11123430,0.0,0.0,0.0
2019-08-09 00:00:00-04:00,23400.0,23500.0,23000.0,23100.0,3683200,0.0,0.0,0.0
2019-08-12 00:00:00-04:00,23100.0,23850.0,23100.0,23600.0,8127360,0.0,0.0,0.0
2019-08-13 00:00:00-04:00,23300.0,23900.0,23300.0,23450.0,6419220,0.0,0.0,0.0
2019-08-14 00:00:00-04:00,23800.0,23800.0,23400.0,23450.0,3871400,0.0,0.0,0.0
2019-08-15 00:00:00-04:00,23000.0,23250.0,22800.0,23250.0,6880640,0.0,0.0,0.0
2019-08-16 00:00:00-04:00,23250.0,23350.0,22900.0,23050.0,8856190,0.0,0.0,0.0
2019-08-19 00:00:00-04:00,23000.0,23300.0,22950.0,23050.0,2540900,0.0,0.0,0.0
2019-08-20 00:00:00-04:00,23050.0,23300.0,22750.0,22900.0,4790700,0.0,0.0,0.0
2019-08-21 00:00:00-04:00,22900.0,23250.0,22800.0,23200.0,4819580,0.0,0.0,0.0
2019-08-22 00:00:00-04:00,23300.0,23350.0,23000.0,23050.0,3314500,0.0,0.0,0.0
2019-08-23 00:00:00-04:00,23250.0,23450.0,23100.0,23400.0,5386570,0.0,0.0,0.0
2019-08-26 00:00:00-04:00,23100.0,23150.0,22700.0,22800.0,5677560,0.0,0.0,0.0
2019-08-27 00:00:00-04:00,23000.0,23050.0,22400.0,22400.0,8995460,0.0,0.0,0.0
2019-08-28 00:00:00-04:00,22400.0,22500.0,22100.0,22250.0,4335410,0.0,0.0,0.0
2019-08-29 00:00:00-04:00,22250.0,22250.0,22000.0,22150.0,4942140,0.0,0.0,0.0
2019-08-30 00:00:00-04:00,22150.0,22450.0,22050.0,22200.0,3329430,0.0,0.0,0.0
2019-09-03 00:00:00-04:00,22200.0,22300.0,21650.0,21650.0,5373060,0.0,0.0,0.0
2019-09-04 00:00:00-04:00,21500.0,21800.0,21500.0,21600.0,5849460,0.0,0.0,0.0
2019-09-05 00:00:00-04:00,21650.0,21950.0,21600.0,21700.0,2479020,0.0,0.0,0.0
2019-09-06 00:00:00-04:00,21800.0,21900.0,21400.0,21400.0,4205690,0.0,0.0,0.0
2019-09-09 00:00:00-04:00,21500.0,21550.0,21200.0,21200.0,3551180,0.0,0.0,0.0
2019-09-10 00:00:00-04:00,21200.0,21350.0,21100.0,21300.0,3449940,0.0,0.0,0.0
2019-09-11 00:00:00-04:00,21300.0,22050.0,21250.0,22050.0,4701010,0.0,0.0,0.0
2019-09-12 00:00:00-04:00,22150.0,22600.0,22150.0,22550.0,5565420,0.0,0.0,0.0
2019-09-13 00:00:00-04:00,22500.0,22650.0,22400.0,22600.0,4664730,0.0,0.0,0.0
2019-09-16 00:00:00-04:00,22450.0,22650.0,22250.0,22650.0,5400470,0.0,0.0,0.0
2019-09-17 00:00:00-04:00,22650.0,22700.0,22400.0,22700.0,3597090,0.0,0.0,0.0
2019-09-18 00:00:00-04:00,22700.0,23050.0,22600.0,23000.0,6151170,0.0,0.0,0.0
2019-09-19 00:00:00-04:00,23000.0,23050.0,22700.0,22950.0,3407530,0.0,0.0,0.0
2019-09-20 00:00:00-04:00,22950.0,22950.0,22550.0,22650.0,5099340,0.0,0.0,0.0
2019-09-23 00:00:00-04:00,22600.0,22600.0,22000.0,22000.0,5357440,0.0,0.0,0.0
2019-09-24 00:00:00-04:00,21950.0,22150.0,21850.0,22150.0,1984900,0.0,0.0,0.0
2019-09-25 00:00:00-04:00,22100.0,22100.0,21750.0,21900.0,3962320,0.0,0.0,0.0
2019-09-26 00:00:00-04:00,22000.0,22250.0,21700.0,22250.0,3332860,0.0,0.0,0.0
2019-09-27 00:00:00-04:00,22250.0,22450.0,22150.0,22150.0,3189980,0.0,0.0,0.0
2019-09-30 00:00:00-04:00,22200.0,22250.0,21950.0,21950.0,3421220,0.0,0.0,0.0
2019-10-01 00:00:00-04:00,21950.0,22200.0,21850.0,21900.0,4063670,0.0,0.0,0.0
2019-10-02 00:00:00-04:00,22000.0,22050.0,21700.0,21750.0,4362700,0.0,0.0,0.0
2019-10-03 00:00:00-04:00,21700.0,21700.0,21450.0,21550.0,4558270,0.0,0.0,0.0
2019-10-04 00:00:00-04:00,21600.0,21700.0,21300.0,21350.0,4775630,0.0,0.0,0.0
2019-10-07 00:00:00-04:00,21350.0,21500.0,21200.0,21300.0,3320870,0.0,0.0,0.0
2019-10-08 00:00:00-04:00,21400.0,21900.0,21250.0,21900.0,3977030,0.0,0.0,0.0
2019-10-09 00:00:00-04:00,21900.0,21900.0,21700.0,21900.0,3081260,0.0,0.0,0.0
2019-10-10 00:00:00-04:00,21900.0,22100.0,21500.0,21500.0,3934250,0.0,0.0,0.0
2019-10-11 00:00:00-04:00,21600.0,21700.0,21400.0,21500.0,4148140,0.0,0.0,0.0
2019-10-14 00:00:00-04:00,21700.0,21700.0,21450.0,21450.0,2957400,0.0,0.0,0.0
2019-10-15 00:00:00-04:00,21500.0,21700.0,21350.0,21350.0,3612960,0.0,0.0,0.0
2019-10-16 00:00:00-04:00,21400.0,21500.0,21300.0,21300.0,2621160,0.0,0.0,0.0
2019-10-17 00:00:00-04:00,21300.0,21650.0,21300.0,21400.0,4831150,0.0,0.0,0.0
2019-10-18 00:00:00-04:00,21550.0,21550.0,21300.0,21400.0,2289250,0.0,0.0,0.0
2019-10-21 00:00:00-04:00,21400.0,21450.0,21200.0,21200.0,3170430,0.0,0.0,0.0
2019-10-22 00:00:00-04:00,21200.0,21650.0,21200.0,21600.0,4095850,0.0,0.0,0.0
2019-10-23 00:00:00-04:00,21600.0,22100.0,21600.0,21850.0,6895670,0.0,0.0,0.0
2019-10-24 00:00:00-04:00,21900.0,22100.0,21850.0,22000.0,5143080,0.0,0.0,0.0
2019-10-25 00:00:00-04:00,22000.0,22000.0,21750.0,21800.0,2378380,0.0,0.0,0.0
2019-10-28 00:00:00-04:00,21800.0,22300.0,21650.0,22200.0,7281100,0.0,0.0,0.0
2019-10-29 00:00:00-04:00,22200.0,22450.0,22100.0,22200.0,5344070,0.0,0.0,0.0
2019-10-30 00:00:00-04:00,22250.0,22250.0,22000.0,22000.0,3066190,0.0,0.0,0.0
2019-10-31 00:00:00-04:00,22000.0,22050.0,21700.0,21800.0,5768030,0.0,0.0,0.0
2019-11-01 00:00:00-04:00,21900.0,22100.0,21800.0,21900.0,4059500,0.0,0.0,0.0
2019-11-04 00:00:00-05:00,22100.0,22200.0,21700.0,21750.0,6038610,0.0,0.0,0.0
2019-11-05 00:00:00-05:00,21800.0,22150.0,21750.0,21900.0,5517760,0.0,0.0,0.0
2019-11-06 00:00:00-05:00,22000.0,22150.0,21950.0,22000.0,4525660,0.0,0.0,0.0
2019-11-07 00:00:00-05:00,22150.0,22750.0,22100.0,22700.0,13242680,0.0,0.0,0.0
2019-11-08 00:00:00-05:00,22700.0,22800.0,22500.0,22700.0,5281950,0.0,0.0,0.0
2019-11-11 00:00:00-05:00,22600.0,23100.0,22600.0,22800.0,8000180,0.0,0.0,0.0
2019-11-12 00:00:00-05:00,22750.0,23100.0,22550.0,23000.0,6553550,0.0,0.0,0.0
2019-11-13 00:00:00-05:00,23100.0,23150.0,22650.0,22650.0,6513310,0.0,0.0,0.0
2019-11-14 00:00:00-05:00,22650.0,22850.0,22500.0,22650.0,5526590,0.0,0.0,0.0
2019-11-15 00:00:00-05:00,22650.0,22800.0,22550.0,22650.0,3431350,0.0,0.0,0.0
2019-11-18 00:00:00-05:00,22700.0,23000.0,22700.0,22900.0,3835760,0.0,0.0,0.0
2019-11-19 00:00:00-05:00,22950.0,22950.0,22700.0,22800.0,4169110,0.0,0.0,0.0
2019-11-20 00:00:00-05:00,22800.0,22800.0,22250.0,22400.0,6959150,0.0,0.0,0.0
2019-11-21 00:00:00-05:00,22300.0,22350.0,22000.0,22000.0,7500750,0.0,0.0,0.0
2019-11-22 00:00:00-05:00,22200.0,22350.0,22000.0,22100.0,5765620,0.0,0.0,0.0
2019-11-25 00:00:00-05:00,22150.0,22350.0,22000.0,22250.0,4233870,0.0,0.0,0.0
2019-11-26 00:00:00-05:00,22350.0,22800.0,22350.0,22650.0,5487610,0.0,0.0,0.0
2019-11-27 00:00:00-05:00,22750.0,22800.0,22550.0,22600.0,3524960,0.0,0.0,0.0
2019-11-29 00:00:00-05:00,22600.0,22950.0,22450.0,22850.0,6338320,0.0,0.0,0.0
2019-12-02 00:00:00-05:00,22850.0,23200.0,22850.0,22950.0,9096550,0.0,0.0,0.0
2019-12-06 00:00:00-05:00,23100.0,23900.0,23100.0,23850.0,7127130,0.0,0.0,0.0
2019-12-09 00:00:00-05:00,23850.0,24450.0,23850.0,24200.0,7902140,0.0,0.0,0.0
2019-12-10 00:00:00-05:00,24200.0,24550.0,24100.0,24400.0,10161370,0.0,0.0,0.0
2019-12-11 00:00:00-05:00,24300.0,24400.0,23900.0,24400.0,5402830,0.0,0.0,0.0
2019-12-12 00:00:00-05:00,24300.0,24400.0,24100.0,24200.0,4152040,0.0,0.0,0.0
2019-12-13 00:00:00-05:00,24200.0,24500.0,23800.0,23800.0,9476390,0.0,0.0,0.0
2019-12-16 00:00:00-05:00,23800.0,23900.0,23550.0,23750.0,5120410,0.0,0.0,0.0
2019-12-17 00:00:00-05:00,23750.0,23850.0,22900.0,23150.0,9866630,0.0,0.0,0.0
2019-12-18 00:00:00-05:00,23150.0,23150.0,22500.0,22550.0,7586700,0.0,0.0,0.0
2019-12-19 00:00:00-05:00,22550.0,23100.0,22550.0,22800.0,5752800,0.0,0.0,0.0
2019-12-20 00:00:00-05:00,22950.0,23250.0,22800.0,23000.0,5415140,0.0,0.0,0.0
2019-12-23 00:00:00-05:00,23150.0,23500.0,22950.0,23050.0,4009100,0.0,0.0,0.0
2019-12-24 00:00:00-05:00,23050.0,23300.0,22950.0,23200.0,3219640,0.0,0.0,0.0
2019-12-26 00:00:00-05:00,23300.0,23300.0,23000.0,23000.0,3007690,0.0,0.0,0.0
2019-12-27 00:00:00-05:00,23000.0,23550.0,22850.0,23550.0,4181570,0.0,0.0,0.0
2019-12-30 00:00:00-05:00,23650.0,23850.0,23500.0,23650.0,2937980,0.0,0.0,0.0
2019-12-31 00:00:00-05:00,23650.0,23700.0,23350.0,23500.0,2876730,0.0,0.0,0.0
2020-01-02 00:00:00-05:00,23500.0,24000.0,23350.0,24000.0,4232230,0.0,0.0,0.0
2020-01-03 00:00:00-05:00,24200.0,24350.0,24050.0,24150.0,7832210,0.0,0.0,0.0
2020-01-06 00:00:00-05:00,24000.0,24250.0,23850.0,24000.0,5371060,0.0,0.0,0.0
2020-01-07 00:00:00-05:00,24100.0,24200.0,23600.0,23700.0,4871220,0.0,0.0,0.0
2020-01-08 00:00:00-05:00,23500.0,23650.0,23150.0,23450.0,6421130,0.0,0.0,0.0
2020-01-09 00:00:00-05:00,23600.0,24150.0,23600.0,24000.0,4613440,0.0,0.0,0.0
2020-01-10 00:00:00-05:00,24100.0,24550.0,24050.0,24200.0,10006180,0.0,0.0,0.0
2020-01-13 00:00:00-05:00,24200.0,24400.0,24100.0,24250.0,4456520,0.0,0.0,0.0
2020-01-14 00:00:00-05:00,24250.0,25050.0,24200.0,25000.0,9565300,0.0,0.0,0.0
2020-01-15 00:00:00-05:00,25050.0,25350.0,24900.0,25150.0,5881520,0.0,0.0,0.0
2020-01-16 00:00:00-05:00,25000.0,25350.0,24950.0,25300.0,6855030,0.0,0.0,0.0
2020-01-17 00:00:00-05:00,25300.0,25650.0,24900.0,25000.0,6329150,0.0,0.0,0.0
2020-01-21 00:00:00-05:00,25750.0,26000.0,25550.0,25850.0,5911660,0.0,0.0,0.0
2020-01-22 00:00:00-05:00,25850.0,26400.0,25850.0,26300.0,8919900,0.0,0.0,0.0
2020-01-23 00:00:00-05:00,26300.0,26300.0,26300.0,26300.0,0,0.0,0.0,0.0
2020-01-24 00:00:00-05:00,26300.0,26300.0,26300.0,26300.0,0,0.0,0.0,0.0
2020-01-27 00:00:00-05:00,26300.0,26300.0,26300.0,26300.0,0,0.0,0.0,0.0
2020-01-28 00:00:00-05:00,26300.0,26300.0,26300.0,26300.0,0,0.0,0.0,0.0
2020-01-29 00:00:00-05:00,26300.0,26300.0,26300.0,26300.0,0,0.0,0.0,0.0
2020-01-30 00:00:00-05:00,25550.0,25900.0,24950.0,25300.0,13028790,0.0,0.0,0.0
2020-01-31 00:00:00-05:00,25000.0,25300.0,24100.0,24100.0,10994970,0.0,0.0,0.0
2020-02-03 00:00:00-05:00,23300.0,24800.0,22700.0,24550.0,12079180,0.0,0.0,0.0
2020-02-04 00:00:00-05:00,24650.0,24800.0,24100.0,24600.0,8086090,0.0,0.0,0.0
2020-02-05 00:00:00-05:00,24850.0,25000.0,24200.0,24450.0,6938550,0.0,0.0,0.0
2020-02-06 00:00:00-05:00,24350.0,25200.0,24300.0,25200.0,9214150,0.0,0.0,0.0
2020-02-07 00:00:00-05:00,25200.0,25300.0,24200.0,24350.0,8120240,0.0,0.0,0.0
2020-02-10 00:00:00-05:00,24000.0,24650.0,23950.0,24350.0,4794830,0.0,0.0,0.0
2020-02-11 00:00:00-05:00,24450.0,24600.0,23450.0,23600.0,12551620,0.0,0.0,0.0
2020-02-12 00:00:00-05:00,23500.0,24150.0,23450.0,23800.0,9581940,0.0,0.0,0.0
2020-02-13 00:00:00-05:00,23750.0,23900.0,23600.0,23700.0,5263180,0.0,0.0,0.0
2020-02-14 00:00:00-05:00,23600.0,23750.0,23350.0,23700.0,5052290,0.0,0.0,0.0
2020-02-18 00:00:00-05:00,19875.0,19875.0,19416.69921875,19416.69921875,8947236,0.0,0.0,0.0
2020-02-19 00:00:00-05:00,19416.69921875,19541.69921875,19250.0,19375.0,6577980,0.0,0.0,0.0
2020-02-20 00:00:00-05:00,19541.69921875,19791.69921875,19375.0,19791.69921875,6270300,0.0,0.0,0.0
2020-02-21 00:00:00-05:00,19791.69921875,19833.30078125,19583.30078125,19625.0,5416752,0.0,0.0,0.0
2020-02-24 00:00:00-05:00,18958.30078125,19291.69921875,18916.69921875,18916.69921875,15525636,0.0,0.0,0.0
2020-02-25 00:00:00-05:00,18833.30078125,19250.0,18833.30078125,19250.0,6364596,0.0,0.0,0.0
2020-02-26 00:00:00-05:00,18958.30078125,19166.69921875,18916.69921875,18958.30078125,5403456,0.0,0.0,0.0
2020-02-27 00:00:00-05:00,18916.69921875,19208.30078125,18916.69921875,19125.0,3981888,0.0,0.0,0.0
2020-02-28 00:00:00-05:00,18791.69921875,19000.0,18541.69921875,18625.0,7900764,0.0,0.0,0.0
2020-03-02 00:00:00-05:00,18500.0,18750.0,18500.0,18583.30078125,4749048,0.0,0.0,0.0
2020-03-03 00:00:00-05:00,19000.0,19000.0,18583.30078125,18583.30078125,5294328,0.0,0.0,0.0
2020-03-04 00:00:00-05:00,22400.0,22600.0,22350.0,22350.0,2946050,0.0,0.0,0.0
2020-03-05 00:00:00-05:00,18833.30078125,18875.0,18625.0,18625.0,3113772,0.0,0.0,0.0
2020-03-06 00:00:00-05:00,18625.0,18708.30078125,18541.69921875,18666.69921875,3642564,0.0,0.0,0.0
2020-03-09 00:00:00-04:00,17375.0,17958.30078125,17375.0,17375.0,19880820,0.0,0.0,0.0
2020-03-10 00:00:00-04:00,17083.30078125,18125.0,17083.30078125,18041.69921875,9765576,0.0,0.0,0.0
2020-03-11 00:00:00-04:00,18083.30078125,18166.69921875,16791.69921875,17125.0,10233504,0.0,0.0,0.0
2020-03-12 00:00:00-04:00,16291.7001953125,16500.0,15958.2998046875,16041.7001953125,15649248,0.0,0.0,0.0
2020-03-13 00:00:00-04:00,15041.7001953125,16416.69921875,14958.2998046875,15875.0,15403896,0.0,0.0,0.0
2020-03-16 00:00:00-04:00,16000.0,16541.69921875,15791.7001953125,15916.7001953125,11140704,0.0,0.0,0.0
2020-03-17 00:00:00-04:00,15500.0,16083.2998046875,15500.0,16000.0,7264080,0.0,0.0,0.0
2020-03-18 00:00:00-04:00,16166.7001953125,16750.0,16125.0,16416.69921875,12475836,0.0,0.0,0.0
2020-03-19 00:00:00-04:00,16166.7001953125,16250.0,15750.0,15958.2998046875,9327840,0.0,0.0,0.0
2020-03-20 00:00:00-04:00,16041.7001953125,16083.2998046875,15500.0,15500.0,16081512,0.0,0.0,0.0
2020-03-23 00:00:00-04:00,14500.0,15000.0,14416.7001953125,14416.7001953125,15536604,0.0,0.0,0.0
2020-03-24 00:00:00-04:00,14166.7001953125,14458.2998046875,13875.0,14250.0,16597668,0.0,0.0,0.0
2020-03-25 00:00:00-04:00,14875.0,14875.0,14500.0,14833.2998046875,9309852,0.0,0.0,0.0
2020-03-26 00:00:00-04:00,14625.0,14666.7001953125,14083.2998046875,14125.0,10217952,0.0,0.0,0.0
2020-03-27 00:00:00-04:00,14083.2998046875,14166.7001953125,13166.7001953125,13500.0,16131168,0.0,0.0,0.0
2020-03-30 00:00:00-04:00,12750.0,13916.7001953125,12708.2998046875,13625.0,13044648,0.0,0.0,0.0
2020-03-31 00:00:00-04:00,13625.0,14458.2998046875,12708.2998046875,14041.7001953125,13396128,0.0,0.0,0.0
2020-04-01 00:00:00-04:00,13916.7001953125,14583.2998046875,13875.0,14375.0,5831580,0.0,0.0,0.0
2020-04-02 00:00:00-04:00,14375.0,14375.0,14375.0,14375.0,0,0.0,0.0,0.0
2020-04-03 00:00:00-04:00,14375.0,14750.0,14333.2998046875,14708.2998046875,7803948,0.0,0.0,0.0
2020-04-06 00:00:00-04:00,15125.0,15708.2998046875,14916.7001953125,15708.2998046875,12248688,0.0,0.0,0.0
2020-04-07 00:00:00-04:00,15875.0,15916.7001953125,15208.2998046875,15833.2998046875,9186264,0.0,0.0,0.0
2020-04-08 00:00:00-04:00,15333.2998046875,15666.7001953125,15250.0,15583.2998046875,6128028,0.0,0.0,0.0
2020-04-09 00:00:00-04:00,15666.7001953125,15833.2998046875,15458.2998046875,15458.2998046875,8561664,0.0,0.0,0.0
2020-04-13 00:00:00-04:00,15666.7001953125,16250.0,15583.2998046875,16125.0,10847304,0.0,0.0,0.0
2020-04-14 00:00:00-04:00,16083.2998046875,16625.0,16000.0,16625.0,10493712,0.0,0.0,0.0
2020-04-15 00:00:00-04:00,16666.69921875,16916.69921875,16625.0,16750.0,7152540,0.0,0.0,0.0
2020-04-16 00:00:00-04:00,16625.0,17000.0,16458.30078125,16875.0,7998804,0.0,0.0,0.0
2020-04-17 00:00:00-04:00,16875.0,17333.30078125,16833.30078125,17250.0,10582536,0.0,0.0,0.0
2020-04-20 00:00:00-04:00,17500.0,17916.69921875,17125.0,17666.69921875,11307432,0.0,0.0,0.0
2020-04-21 00:00:00-04:00,17291.69921875,17708.30078125,16791.69921875,16833.30078125,14321772,0.0,0.0,0.0
2020-04-22 00:00:00-04:00,17083.30078125,17750.0,16916.69921875,17333.30078125,13246140,0.0,0.0,0.0
2020-04-23 00:00:00-04:00,17750.0,18291.69921875,17750.0,18000.0,10015128,0.0,0.0,0.0
2020-04-24 00:00:00-04:00,18083.30078125,18500.0,17750.0,18416.69921875,9961308,0.0,0.0,0.0
2020-04-27 00:00:00-04:00,18541.69921875,18833.30078125,18208.30078125,18291.69921875,7963392,0.0,0.0,0.0
2020-04-28 00:00:00-04:00,18333.30078125,18416.69921875,17708.30078125,17833.30078125,9224412,0.0,0.0,0.0
2020-04-29 00:00:00-04:00,17833.30078125,18083.30078125,17500.0,17916.69921875,8936460,0.0,0.0,0.0
2020-04-30 00:00:00-04:00,17916.69921875,17916.69921875,17916.69921875,17916.69921875,0,0.0,0.0,0.0
2020-05-01 00:00:00-04:00,17916.69921875,17916.69921875,17916.69921875,17916.69921875,0,0.0,0.0,0.0
2020-05-04 00:00:00-04:00,17916.69921875,17958.30078125,17500.0,17500.0,5801496,0.0,0.0,0.0
2020-05-05 00:00:00-04:00,17833.30078125,18041.69921875,17750.0,17833.30078125,7073436,0.0,0.0,0.0
2020-05-06 00:00:00-04:00,17958.30078125,18500.0,17916.69921875,18500.0,9145128,0.0,0.0,0.0
2020-05-07 00:00:00-04:00,18583.30078125,19666.69921875,18583.30078125,19666.69921875,17679900,0.0,0.0,0.0
2020-05-08 00:00:00-04:00,19833.30078125,20125.0,19500.0,19500.0,14981532,0.0,0.0,0.0
2020-05-11 00:00:00-04:00,19750.0,20083.30078125,19416.69921875,19958.30078125,8664288,0.0,0.0,0.0
2020-05-12 00:00:00-04:00,19708.30078125,19916.69921875,19500.0,19708.30078125,12633144,0.0,0.0,0.0
2020-05-13 00:00:00-04:00,19541.69921875,20166.69921875,19416.69921875,20083.30078125,11529852,0.0,0.0,0.0
2020-05-14 00:00:00-04:00,19833.30078125,20083.30078125,19750.0,19958.30078125,7820580,0.0,0.0,0.0
2020-05-15 00:00:00-04:00,19958.30078125,19958.30078125,19958.30078125,19958.30078125,0,0.0,0.0,0.0
2020-05-18 00:00:00-04:00,19958.30078125,19958.30078125,19958.30078125,19958.30078125,0,0.0,0.0,0.0
2020-05-19 00:00:00-04:00,22000.0,22375.0,21708.30078125,22375.0,22611540,0.0,0.0,0.0
2020-05-20 00:00:00-04:00,22375.0,22375.0,22375.0,22375.0,0,0.0,0.0,0.0
2020-05-21 00:00:00-04:00,21958.30078125,22125.0,21750.0,22083.30078125,13456572,0.0,0.0,0.0
2020-05-22 00:00:00-04:00,21958.30078125,22875.0,21875.0,22708.30078125,19503372,0.0,0.0,0.0
2020-05-26 00:00:00-04:00,22791.69921875,23666.69921875,22750.0,23666.69921875,13804188,0.0,0.0,0.0
2020-05-27 00:00:00-04:00,23833.30078125,23833.30078125,22666.69921875,22666.69921875,23734968,0.0,0.0,0.0
2020-05-28 00:00:00-04:00,22916.69921875,23000.0,22416.69921875,22666.69921875,17383644,0.0,0.0,0.0
2020-05-29 00:00:00-04:00,22750.0,23083.30078125,22500.0,22833.30078125,15096468,0.0,0.0,0.0
2020-06-01 00:00:00-04:00,23166.69921875,23166.69921875,22875.0,23041.69921875,9627468,0.0,0.0,0.0
2020-06-02 00:00:00-04:00,23166.69921875,23166.69921875,22458.30078125,22541.69921875,13786800,0.0,0.0,0.0
2020-06-03 00:00:00-04:00,22541.69921875,22666.69921875,22166.69921875,22458.30078125,14421744,0.0,0.0,0.0
2020-06-04 00:00:00-04:00,22500.0,22833.30078125,22166.69921875,22166.69921875,16185840,0.0,0.0,0.0
2020-06-05 00:00:00-04:00,22083.30078125,22750.0,21833.30078125,22541.69921875,16238472,0.0,0.0,0.0
2020-06-08 00:00:00-04:00,22541.69921875,22541.69921875,22541.69921875,22541.69921875,0,0.0,0.0,0.0
2020-06-09 00:00:00-04:00,22541.69921875,22541.69921875,22541.69921875,22541.69921875,0,0.0,0.0,0.0
2020-06-10 00:00:00-04:00,22500.0,22833.30078125,22208.30078125,22500.0,11845680,0.0,0.0,0.0
2020-06-11 00:00:00-04:00,22375.0,22625.0,21250.0,21250.0,27447792,0.0,0.0,0.0
2020-06-12 00:00:00-04:00,20416.69921875,22083.30078125,20416.69921875,22083.30078125,22657512,0.0,0.0,0.0
2020-06-15 00:00:00-04:00,21916.69921875,22083.30078125,21125.0,21166.69921875,13599408,0.0,0.0,0.0
2020-06-16 00:00:00-04:00,21666.69921875,22000.0,21375.0,21833.30078125,10829532,0.0,0.0,0.0
2020-06-17 00:00:00-04:00,21833.30078125,22041.69921875,21583.30078125,21875.0,8479332,0.0,0.0,0.0
2020-06-18 00:00:00-04:00,21625.0,22375.0,21541.69921875,22333.30078125,10866108,0.0,0.0,0.0
2020-06-19 00:00:00-04:00,22500.0,22791.69921875,22500.0,22791.69921875,12639312,0.0,0.0,0.0
2020-06-22 00:00:00-04:00,22833.30078125,23166.69921875,22458.30078125,22750.0,11675964,0.0,0.0,0.0
2020-06-23 00:00:00-04:00,22750.0,23083.30078125,22291.69921875,22500.0,13659312,0.0,0.0,0.0
2020-06-24 00:00:00-04:00,22500.0,22791.69921875,22333.30078125,22500.0,7820112,0.0,0.0,0.0
2020-06-25 00:00:00-04:00,22250.0,23166.69921875,22125.0,22750.0,29292048,0.0,0.0,0.0
2020-06-26 00:00:00-04:00,22833.30078125,23000.0,22500.0,22666.69921875,11236644,0.0,0.0,0.0
2020-06-29 00:00:00-04:00,22416.69921875,22500.0,21875.0,22208.30078125,14853684,0.0,0.0,0.0
2020-06-30 00:00:00-04:00,22333.30078125,22833.30078125,22125.0,22333.30078125,17791476,0.0,0.0,0.0
2020-07-01 00:00:00-04:00,22500.0,22916.69921875,22416.69921875,22833.30078125,13011636,0.0,0.0,0.0
2020-07-02 00:00:00-04:00,22916.69921875,23125.0,22833.30078125,23000.0,15600984,0.0,0.0,0.0
2020-07-06 00:00:00-04:00,23083.30078125,23125.0,22875.0,23000.0,11717544,0.0,0.0,0.0
2020-07-07 00:00:00-04:00,23125.0,24083.30078125,23083.30078125,23625.0,33658524,0.0,0.0,0.0
2020-07-08 00:00:00-04:00,23458.30078125,23708.30078125,23250.0,23375.0,10987080,0.0,0.0,0.0
2020-07-09 00:00:00-04:00,23416.69921875,23583.30078125,23291.69921875,23458.30078125,9106176,0.0,0.0,0.0
2020-07-10 00:00:00-04:00,23458.30078125,23458.30078125,23458.30078125,23458.30078125,0,0.0,0.0,0.0
2020-07-13 00:00:00-04:00,22958.30078125,23208.30078125,22708.30078125,23041.69921875,17642832,0.0,0.0,0.0
2020-07-14 00:00:00-04:00,22875.0,23291.69921875,22833.30078125,23250.0,6908784,0.0,0.0,0.0
2020-07-15 00:00:00-04:00,23250.0,23250.0,23250.0,23250.0,0,0.0,0.0,0.0
2020-07-16 00:00:00-04:00,23500.0,24083.30078125,23291.69921875,23833.30078125,21500052,0.0,0.0,0.0
2020-07-17 00:00:00-04:00,23916.69921875,23958.30078125,23791.69921875,23791.69921875,8111280,0.0,0.0,0.0
2020-07-20 00:00:00-04:00,23750.0,23916.69921875,23333.30078125,23333.30078125,13923108,0.0,0.0,0.0
2020-07-21 00:00:00-04:00,23416.69921875,23541.69921875,23166.69921875,23416.69921875,14069364,0.0,0.0,0.0
2020-07-22 00:00:00-04:00,23583.30078125,23666.69921875,23291.69921875,23416.69921875,8953836,0.0,0.0,0.0
2020-07-23 00:00:00-04:00,23416.69921875,23500.0,23083.30078125,23500.0,12212604,0.0,0.0,0.0
2020-07-24 00:00:00-04:00,23333.30078125,23375.0,21916.69921875,22375.0,25546176,0.0,0.0,0.0
2020-07-27 00:00:00-04:00,21708.30078125,22625.0,21500.0,21625.0,22067328,0.0,0.0,0.0
2020-07-28 00:00:00-04:00,22083.30078125,22916.69921875,21833.30078125,22791.69921875,20331720,0.0,0.0,0.0
2020-07-29 00:00:00-04:00,22300.0,22800.0,21150.0,21750.0,18544880,0.0,0.0,0.0
2020-07-30 00:00:00-04:00,21900.0,22300.0,21850.0,22100.0,11357060,0.0,0.0,0.0
2020-07-31 00:00:00-04:00,21450.0,22050.0,21450.0,21700.0,7656240,0.0,0.0,0.0
2020-08-03 00:00:00-04:00,21700.0,23000.0,21700.0,22900.0,16896050,0.0,0.0,0.0
2020-08-04 00:00:00-04:00,23200.0,23300.0,22800.0,23000.0,11086090,0.0,0.0,0.0
2020-08-05 00:00:00-04:00,23000.0,24350.0,22900.0,24100.0,25912970,0.0,0.0,0.0
2020-08-06 00:00:00-04:00,24100.0,24400.0,23800.0,24050.0,13744810,0.0,0.0,0.0
2020-08-07 00:00:00-04:00,24000.0,24300.0,23950.0,24200.0,12162410,0.0,0.0,0.0
2020-08-10 00:00:00-04:00,24450.0,24750.0,24300.0,24300.0,14144220,0.0,0.0,0.0
2020-08-11 00:00:00-04:00,24400.0,24550.0,24100.0,24250.0,9675910,0.0,0.0,0.0
2020-08-12 00:00:00-04:00,24300.0,24500.0,24100.0,24300.0,8827420,0.0,0.0,0.0
2020-08-13 00:00:00-04:00,24500.0,24600.0,24300.0,24500.0,7562850,0.0,0.0,0.0
2020-08-14 00:00:00-04:00,24500.0,24600.0,23900.0,24100.0,15356070,0.0,0.0,0.0
2020-08-17 00:00:00-04:00,24050.0,24300.0,23950.0,24300.0,8428450,0.0,0.0,0.0
2020-08-18 00:00:00-04:00,24400.0,24400.0,24100.0,24150.0,5130610,0.0,0.0,0.0
2020-08-19 00:00:00-04:00,24200.0,24400.0,24100.0,24250.0,9266940,0.0,0.0,0.0
2020-08-20 00:00:00-04:00,24250.0,24350.0,24000.0,24100.0,9685120,0.0,0.0,0.0
2020-08-21 00:00:00-04:00,24100.0,24400.0,24050.0,24350.0,8930990,0.0,0.0,0.0
2020-08-24 00:00:00-04:00,24500.0,24950.0,24400.0,24800.0,13933710,0.0,0.0,0.0
2020-08-25 00:00:00-04:00,24900.0,25050.0,24550.0,24550.0,10722520,0.0,0.0,0.0
2020-08-26 00:00:00-04:00,24500.0,24550.0,24200.0,24200.0,16327190,0.0,0.0,0.0
2020-08-27 00:00:00-04:00,24200.0,24350.0,24100.0,24300.0,8801320,0.0,0.0,0.0
2020-08-28 00:00:00-04:00,24500.0,24500.0,24250.0,24300.0,11603550,0.0,0.0,0.0
2020-08-31 00:00:00-04:00,24200.0,24800.0,24200.0,24550.0,13334160,0.0,0.0,0.0
2020-09-01 00:00:00-04:00,24550.0,24950.0,24450.0,24800.0,16754410,0.0,0.0,0.0
2020-09-02 00:00:00-04:00,24800.0,24800.0,24800.0,24800.0,0,0.0,0.0,0.0
2020-09-03 00:00:00-04:00,25000.0,25200.0,24900.0,25000.0,14553930,0.0,0.0,0.0
2020-09-04 00:00:00-04:00,24650.0,25100.0,24650.0,24950.0,18820560,0.0,0.0,0.0
2020-09-08 00:00:00-04:00,24600.0,24700.0,24450.0,24650.0,12260110,0.0,0.0,0.0
2020-09-09 00:00:00-04:00,24400.0,24950.0,24350.0,24500.0,19632380,0.0,0.0,0.0
2020-09-10 00:00:00-04:00,24700.0,24850.0,24500.0,24550.0,12106250,0.0,0.0,0.0
2020-09-11 00:00:00-04:00,24550.0,24550.0,24550.0,24550.0,0,0.0,0.0,0.0
2020-09-14 00:00:00-04:00,24500.0,24750.0,24500.0,24600.0,12723310,0.0,0.0,0.0
2020-09-15 00:00:00-04:00,24750.0,24950.0,24650.0,24700.0,8859250,0.0,0.0,0.0
2020-09-16 00:00:00-04:00,24750.0,24800.0,24600.0,24700.0,6887240,0.0,0.0,0.0
2020-09-17 00:00:00-04:00,24750.0,25500.0,24700.0,25400.0,26759480,0.0,0.0,0.0
2020-09-18 00:00:00-04:00,25550.0,25700.0,25500.0,25700.0,12475700,0.0,0.0,0.0
2020-09-21 00:00:00-04:00,25900.0,25950.0,25600.0,25700.0,11631470,0.0,0.0,0.0
2020-09-22 00:00:00-04:00,25500.0,25700.0,25400.0,25550.0,15285880,0.0,0.0,0.0
2020-09-23 00:00:00-04:00,25650.0,25900.0,25550.0,25800.0,12589480,0.0,0.0,0.0
2020-09-24 00:00:00-04:00,25700.0,25900.0,25500.0,25650.0,12435190,0.0,0.0,0.0
2020-09-25 00:00:00-04:00,25800.0,25800.0,25500.0,25750.0,10094210,0.0,0.0,0.0
2020-09-28 00:00:00-04:00,25800.0,26400.0,25700.0,26400.0,17573130,0.0,0.0,0.0
2020-09-29 00:00:00-04:00,26450.0,26800.0,26350.0,26350.0,18456820,0.0,0.0,0.0
2020-09-30 00:00:00-04:00,26350.0,26550.0,26100.0,26400.0,12985480,0.0,0.0,0.0
2020-10-01 00:00:00-04:00,26600.0,27200.0,26500.0,27000.0,17161730,0.0,0.0,0.0
2020-10-02 00:00:00-04:00,27050.0,27250.0,26000.0,26700.0,20213120,0.0,0.0,0.0
2020-10-05 00:00:00-04:00,26850.0,27400.0,26850.0,27350.0,12791350,0.0,0.0,0.0
2020-10-06 00:00:00-04:00,27450.0,28250.0,27200.0,28250.0,23609700,0.0,0.0,0.0
2020-10-07 00:00:00-04:00,28100.0,28300.0,27800.0,27800.0,14752610,0.0,0.0,0.0
2020-10-08 00:00:00-04:00,28000.0,28100.0,27700.0,28100.0,18239670,0.0,0.0,0.0
2020-10-09 00:00:00-04:00,28200.0,28700.0,28000.0,28500.0,9464850,0.0,0.0,0.0
2020-10-12 00:00:00-04:00,28650.0,28750.0,28050.0,28250.0,12258740,0.0,0.0,0.0
2020-10-13 00:00:00-04:00,28200.0,28250.0,27900.0,28000.0,10665790,0.0,0.0,0.0
2020-10-14 00:00:00-04:00,27950.0,28350.0,27800.0,28350.0,14240330,0.0,0.0,0.0
2020-10-15 00:00:00-04:00,30000.0,30000.0,29050.0,29050.0,30525160,0.0,0.0,0.0
2020-10-16 00:00:00-04:00,29200.0,29500.0,28950.0,29100.0,17319070,0.0,0.0,0.0
2020-10-19 00:00:00-04:00,29150.0,29250.0,28850.0,28900.0,10939140,0.0,0.0,0.0
2020-10-20 00:00:00-04:00,28750.0,29350.0,28700.0,29350.0,13319200,0.0,0.0,0.0
2020-10-21 00:00:00-04:00,29450.0,29600.0,29000.0,29100.0,10669590,0.0,0.0,0.0
2020-10-22 00:00:00-04:00,29000.0,29600.0,28900.0,29600.0,13072020,0.0,0.0,0.0
2020-10-23 00:00:00-04:00,29800.0,30900.0,29650.0,30900.0,29534980,0.0,0.0,0.0
2020-10-26 00:00:00-04:00,31000.0,32000.0,30700.0,30800.0,20357350,0.0,0.0,0.0
2020-10-27 00:00:00-04:00,30600.0,31700.0,30550.0,31400.0,25281540,0.0,0.0,0.0
2020-10-28 00:00:00-04:00,31150.0,31650.0,30200.0,30400.0,25663180,0.0,0.0,0.0
2020-10-29 00:00:00-04:00,29950.0,30750.0,29950.0,30600.0,20778840,0.0,0.0,0.0
2020-10-30 00:00:00-04:00,30800.0,30900.0,29900.0,30550.0,19039190,0.0,0.0,0.0
2020-11-02 00:00:00-05:00,30550.0,30700.0,30350.0,30600.0,10385290,0.0,0.0,0.0
2020-11-03 00:00:00-05:00,31000.0,31300.0,30550.0,30700.0,17521020,0.0,0.0,0.0
2020-11-04 00:00:00-05:00,30700.0,31000.0,30350.0,30650.0,18293400,0.0,0.0,0.0
2020-11-05 00:00:00-05:00,30650.0,30750.0,30250.0,30250.0,11598310,0.0,0.0,0.0
2020-11-06 00:00:00-05:00,30300.0,30700.0,30200.0,30400.0,13410500,0.0,0.0,0.0
2020-11-09 00:00:00-05:00,30800.0,31500.0,30700.0,31500.0,18314360,0.0,0.0,0.0
2020-11-10 00:00:00-05:00,32100.0,32200.0,31300.0,31300.0,20645160,0.0,0.0,0.0
2020-11-11 00:00:00-05:00,31300.0,31600.0,31150.0,31300.0,14564290,0.0,0.0,0.0
2020-11-12 00:00:00-05:00,31300.0,31500.0,31250.0,31450.0,9803730,0.0,0.0,0.0
2020-11-13 00:00:00-05:00,31500.0,31950.0,31450.0,31950.0,12161630,0.0,0.0,0.0
2020-11-16 00:00:00-05:00,32300.0,32750.0,31900.0,32250.0,25538500,0.0,0.0,0.0
2020-11-17 00:00:00-05:00,32500.0,33350.0,32400.0,33350.0,16228900,0.0,0.0,0.0
2020-11-18 00:00:00-05:00,33600.0,34600.0,33350.0,34600.0,22115200,0.0,0.0,0.0
2020-11-19 00:00:00-05:00,34700.0,35500.0,34450.0,35200.0,26533130,0.0,0.0,0.0
2020-11-20 00:00:00-05:00,35300.0,35700.0,34950.0,35700.0,18141040,0.0,0.0,0.0
2020-11-23 00:00:00-05:00,35700.0,37850.0,35500.0,37500.0,23681540,0.0,0.0,0.0
2020-11-24 00:00:00-05:00,37750.0,38500.0,36300.0,37500.0,48936510,0.0,0.0,0.0
2020-11-25 00:00:00-05:00,36800.0,36900.0,35200.0,35600.0,55697460,0.0,0.0,0.0
2020-11-27 00:00:00-05:00,35000.0,36400.0,35000.0,36250.0,16027210,0.0,0.0,0.0
2020-11-30 00:00:00-05:00,36250.0,36400.0,35500.0,35500.0,17459270,0.0,0.0,0.0
2020-12-01 00:00:00-05:00,34900.0,35600.0,34550.0,35600.0,21802760,0.0,0.0,0.0
2020-12-02 00:00:00-05:00,35600.0,35650.0,35100.0,35300.0,14643640,0.0,0.0,0.0
2020-12-03 00:00:00-05:00,35550.0,36850.0,35300.0,36850.0,22511210,0.0,0.0,0.0
2020-12-04 00:00:00-05:00,37050.0,37250.0,36700.0,36950.0,17767110,0.0,0.0,0.0
2020-12-07 00:00:00-05:00,37050.0,38400.0,36850.0,38200.0,24400300,0.0,0.0,0.0
2020-12-08 00:00:00-05:00,38200.0,38800.0,38000.0,38400.0,20333880,0.0,0.0,0.0
2020-12-09 00:00:00-05:00,38500.0,38600.0,38100.0,38500.0,15264400,0.0,0.0,0.0
2020-12-10 00:00:00-05:00,38500.0,38600.0,37200.0,37600.0,30402770,0.0,0.0,0.0
2020-12-11 00:00:00-05:00,38000.0,38800.0,37700.0,38800.0,16641080,0.0,0.0,0.0
2020-12-14 00:00:00-05:00,39400.0,39500.0,38950.0,39250.0,14483540,0.0,0.0,0.0
2020-12-15 00:00:00-05:00,39050.0,39150.0,38500.0,38600.0,19581910,0.0,0.0,0.0
2020-12-16 00:00:00-05:00,38800.0,39350.0,38500.0,38800.0,17322370,0.0,0.0,0.0
2020-12-17 00:00:00-05:00,38400.0,38650.0,37650.0,37650.0,30645570,0.0,0.0,0.0
2020-12-18 00:00:00-05:00,38100.0,38750.0,37900.0,38600.0,19956910,0.0,0.0,0.0
2020-12-21 00:00:00-05:00,39000.0,39050.0,38350.0,38550.0,15789770,0.0,0.0,0.0
2020-12-22 00:00:00-05:00,38550.0,39450.0,38300.0,39350.0,26050910,0.0,0.0,0.0
2020-12-23 00:00:00-05:00,39450.0,41200.0,39400.0,40000.0,28097610,0.0,0.0,0.0
2020-12-24 00:00:00-05:00,40600.0,40800.0,38600.0,39950.0,18507480,0.0,0.0,0.0
2020-12-28 00:00:00-05:00,41800.0,41950.0,41000.0,41550.0,21024800,0.0,0.0,0.0
2020-12-29 00:00:00-05:00,41250.0,41850.0,41050.0,41600.0,13443950,0.0,0.0,0.0
2020-12-30 00:00:00-05:00,41600.0,41600.0,40750.0,40900.0,21907500,0.0,0.0,0.0
2020-12-31 00:00:00-05:00,40900.0,41750.0,40700.0,41450.0,11867640,0.0,0.0,0.0
2021-01-04 00:00:00-05:00,42000.0,43000.0,41650.0,42300.0,1583260,0.0,0.0,0.0
2021-01-05 00:00:00-05:00,41800.0,42800.0,41700.0,42350.0,1863410,0.0,0.0,0.0
2021-01-06 00:00:00-05:00,42500.0,43300.0,42300.0,42800.0,1794860,0.0,0.0,0.0
2021-01-07 00:00:00-05:00,43150.0,43200.0,42250.0,42800.0,2178070,0.0,0.0,0.0
2021-01-08 00:00:00-05:00,42900.0,43300.0,42600.0,42750.0,1997850,0.0,0.0,0.0
2021-01-11 00:00:00-05:00,43100.0,43300.0,42600.0,43050.0,1664510,0.0,0.0,0.0
2021-01-12 00:00:00-05:00,43200.0,44900.0,42900.0,44900.0,2273880,0.0,0.0,0.0
2021-01-13 00:00:00-05:00,45200.0,45450.0,44400.0,44700.0,1613180,0.0,0.0,0.0
2021-01-14 00:00:00-05:00,44700.0,44700.0,43850.0,44450.0,1752700,0.0,0.0,0.0
2021-01-15 00:00:00-05:00,44300.0,45050.0,44300.0,44500.0,1478830,0.0,0.0,0.0
2021-01-19 00:00:00-05:00,44600.0,44600.0,41500.0,41600.0,2577820,0.0,0.0,0.0
2021-01-20 00:00:00-05:00,42000.0,42950.0,40000.0,41700.0,3791560,0.0,0.0,0.0
2021-01-21 00:00:00-05:00,42850.0,44200.0,41800.0,44200.0,2082970,0.0,0.0,0.0
2021-01-22 00:00:00-05:00,44300.0,44700.0,43550.0,43650.0,1479860,0.0,0.0,0.0
2021-01-25 00:00:00-05:00,43250.0,45450.0,43100.0,43700.0,3309120,0.0,0.0,0.0
2021-01-26 00:00:00-05:00,43600.0,43600.0,41600.0,42300.0,2409950,0.0,0.0,0.0
2021-01-27 00:00:00-05:00,41400.0,42400.0,39500.0,40300.0,2805610,0.0,0.0,0.0
2021-01-28 00:00:00-05:00,37600.0,39050.0,37500.0,37500.0,4993480,0.0,0.0,0.0
2021-01-29 00:00:00-05:00,37000.0,39950.0,37000.0,39150.0,4024800,0.0,0.0,0.0
2021-02-01 00:00:00-05:00,39000.0,39850.0,38200.0,38350.0,2132390,0.0,0.0,0.0
2021-02-02 00:00:00-05:00,38500.0,40500.0,38250.0,40500.0,2854110,0.0,0.0,0.0
2021-02-03 00:00:00-05:00,41200.0,42350.0,41000.0,42000.0,3483960,0.0,0.0,0.0
2021-02-04 00:00:00-05:00,42000.0,42200.0,41550.0,41800.0,2225290,0.0,0.0,0.0
2021-02-05 00:00:00-05:00,41950.0,42700.0,41700.0,42500.0,2337120,0.0,0.0,0.0
2021-02-08 00:00:00-05:00,42500.0,42600.0,40000.0,40900.0,3291840,0.0,0.0,0.0
2021-02-09 00:00:00-05:00,40900.0,40900.0,40900.0,40900.0,0,0.0,0.0,0.0
2021-02-10 00:00:00-05:00,40900.0,40900.0,40900.0,40900.0,0,0.0,0.0,0.0
2021-02-11 00:00:00-05:00,40900.0,40900.0,40900.0,40900.0,0,0.0,0.0,0.0
2021-02-12 00:00:00-05:00,40900.0,40900.0,40900.0,40900.0,0,0.0,0.0,0.0
2021-02-16 00:00:00-05:00,40900.0,40900.0,40900.0,40900.0,0,0.0,0.0,0.0
2021-02-17 00:00:00-05:00,42450.0,43450.0,42300.0,43450.0,2425320,0.0,0.0,0.0
2021-02-18 00:00:00-05:00,43400.0,44000.0,42950.0,43850.0,2134380,0.0,0.0,0.0
2021-02-19 00:00:00-05:00,43300.0,43900.0,43100.0,43450.0,1700750,0.0,0.0,0.0
2021-02-22 00:00:00-05:00,43450.0,44400.0,43000.0,43400.0,2136250,0.0,0.0,0.0
2021-02-23 00:00:00-05:00,43200.0,43750.0,42950.0,43300.0,1792170,0.0,0.0,0.0
2021-02-24 00:00:00-05:00,43300.0,43300.0,43300.0,43300.0,0,0.0,0.0,0.0
2021-02-25 00:00:00-05:00,43300.0,43300.0,43300.0,43300.0,0,0.0,0.0,0.0
2021-02-26 00:00:00-05:00,43700.0,45700.0,43600.0,45600.0,4092850,0.0,0.0,0.0
2021-03-01 00:00:00-05:00,46250.0,46300.0,45800.0,46200.0,2199820,0.0,0.0,0.0
2021-03-02 00:00:00-05:00,46800.0,47100.0,46200.0,46700.0,2367080,0.0,0.0,0.0
2021-03-03 00:00:00-05:00,46550.0,47050.0,46500.0,46800.0,2226290,0.0,0.0,0.0
2021-03-04 00:00:00-05:00,46900.0,46900.0,45000.0,45900.0,2796210,0.0,0.0,0.0
2021-03-05 00:00:00-05:00,45650.0,46100.0,45100.0,46000.0,2139680,0.0,0.0,0.0
2021-03-08 00:00:00-05:00,46600.0,46900.0,46000.0,46300.0,1777770,0.0,0.0,0.0
2021-03-09 00:00:00-05:00,46000.0,46200.0,45050.0,45850.0,1628980,0.0,0.0,0.0
2021-03-10 00:00:00-05:00,45850.0,45850.0,45150.0,45600.0,1577250,0.0,0.0,0.0
2021-03-11 00:00:00-05:00,45900.0,46650.0,45800.0,46400.0,1556940,0.0,0.0,0.0
2021-03-12 00:00:00-05:00,46600.0,46600.0,46200.0,46450.0,1215370,0.0,0.0,0.0
2021-03-15 00:00:00-04:00,46600.0,46900.0,46400.0,46500.0,1190510,0.0,0.0,0.0
2021-03-16 00:00:00-04:00,46600.0,46600.0,45800.0,46100.0,1409730,0.0,0.0,0.0
2021-03-17 00:00:00-04:00,46150.0,46450.0,46050.0,46300.0,1219180,0.0,0.0,0.0
2021-03-18 00:00:00-04:00,46700.0,46750.0,46350.0,46600.0,1116660,0.0,0.0,0.0
2021-03-19 00:00:00-04:00,46600.0,47450.0,46600.0,47150.0,1839210,0.0,0.0,0.0
2021-03-22 00:00:00-04:00,47300.0,47450.0,46700.0,46750.0,1104790,0.0,0.0,0.0
2021-03-23 00:00:00-04:00,46650.0,47100.0,46400.0,46600.0,1248720,0.0,0.0,0.0
2021-03-24 00:00:00-04:00,46050.0,46350.0,45100.0,45450.0,2365350,0.0,0.0,0.0
2021-03-25 00:00:00-04:00,45700.0,45750.0,44800.0,45000.0,1992900,0.0,0.0,0.0
2021-03-26 00:00:00-04:00,45500.0,46200.0,45050.0,46200.0,2810980,0.0,0.0,0.0
2021-03-29 00:00:00-04:00,46500.0,46600.0,46150.0,46300.0,1325190,0.0,0.0,0.0
2021-03-30 00:00:00-04:00,46500.0,46750.0,46100.0,46450.0,1333380,0.0,0.0,0.0
2021-03-31 00:00:00-04:00,46450.0,47350.0,46350.0,46800.0,1632370,0.0,0.0,0.0
2021-04-01 00:00:00-04:00,47000.0,48500.0,46950.0,48500.0,2768190,0.0,0.0,0.0
2021-04-05 00:00:00-04:00,49500.0,49600.0,48950.0,49300.0,1537780,0.0,0.0,0.0
2021-04-06 00:00:00-04:00,49300.0,49550.0,49100.0,49400.0,1403330,0.0,0.0,0.0
2021-04-07 00:00:00-04:00,49400.0,49600.0,48900.0,49450.0,1440780,0.0,0.0,0.0
2021-04-08 00:00:00-04:00,49500.0,49600.0,49000.0,49350.0,1197000,0.0,0.0,0.0
2021-04-09 00:00:00-04:00,49300.0,49900.0,49050.0,49550.0,1562340,0.0,0.0,0.0
2021-04-12 00:00:00-04:00,49900.0,51500.0,49750.0,51200.0,2701040,0.0,0.0,0.0
2021-04-13 00:00:00-04:00,51500.0,51500.0,50100.0,50100.0,2695690,0.0,0.0,0.0
2021-04-14 00:00:00-04:00,50100.0,53300.0,49900.0,53000.0,2875330,0.0,0.0,0.0
2021-04-15 00:00:00-04:00,53500.0,54700.0,52500.0,54500.0,3207810,0.0,0.0,0.0
2021-04-16 00:00:00-04:00,54100.0,55700.0,53500.0,54600.0,2843370,0.0,0.0,0.0
2021-04-19 00:00:00-04:00,55200.0,57800.0,54700.0,57800.0,3480810,0.0,0.0,0.0
2021-04-20 00:00:00-04:00,58000.0,58600.0,56000.0,57200.0,3782930,0.0,0.0,0.0
2021-04-21 00:00:00-04:00,57200.0,57200.0,57200.0,57200.0,0,0.0,0.0,0.0
2021-04-22 00:00:00-04:00,56500.0,57900.0,55000.0,55000.0,3304980,0.0,0.0,0.0
2021-04-23 00:00:00-04:00,55500.0,56400.0,54800.0,56400.0,2849350,0.0,0.0,0.0
2021-04-26 00:00:00-04:00,56500.0,56600.0,55000.0,55100.0,2515640,0.0,0.0,0.0
2021-04-27 00:00:00-04:00,55100.0,56400.0,54400.0,56300.0,2129440,0.0,0.0,0.0
2021-04-28 00:00:00-04:00,56300.0,56500.0,55500.0,56000.0,1561910,0.0,0.0,0.0
2021-04-29 00:00:00-04:00,56500.0,58700.0,56400.0,58100.0,2787770,0.0,0.0,0.0
2021-04-30 00:00:00-04:00,58100.0,58100.0,58100.0,58100.0,0,0.0,0.0,0.0
2021-05-03 00:00:00-04:00,58100.0,58100.0,58100.0,58100.0,0,0.0,0.0,0.0
2021-05-04 00:00:00-04:00,57300.0,60400.0,57000.0,59800.0,3299600,0.0,0.0,0.0
2021-05-05 00:00:00-04:00,60000.0,60300.0,59300.0,59300.0,2446820,0.0,0.0,0.0
2021-05-06 00:00:00-04:00,59300.0,60300.0,58800.0,59400.0,2160970,0.0,0.0,0.0
2021-05-07 00:00:00-04:00,59200.0,61500.0,59100.0,60800.0,2955270,0.0,0.0,0.0
2021-05-10 00:00:00-04:00,60800.0,63300.0,60800.0,63000.0,2816010,0.0,0.0,0.0
2021-05-11 00:00:00-04:00,63300.0,63300.0,62000.0,62000.0,2956520,0.0,0.0,0.0
2021-05-12 00:00:00-04:00,61600.0,62700.0,61300.0,62700.0,2931630,0.0,0.0,0.0
2021-05-13 00:00:00-04:00,62400.0,63000.0,61500.0,61500.0,2465440,0.0,0.0,0.0
2021-05-14 00:00:00-04:00,62000.0,62500.0,61000.0,61400.0,3181540,0.0,0.0,0.0
2021-05-17 00:00:00-04:00,45481.5,46222.19921875,44888.8984375,45851.8984375,4590567,0.0,0.0,0.0
2021-05-18 00:00:00-04:00,46296.30078125,47185.19921875,46296.30078125,46963.0,5284750,0.0,0.0,0.0
2021-05-19 00:00:00-04:00,47407.3984375,49407.3984375,47037.0,48963.0,3835012,0.0,0.0,0.0
2021-05-20 00:00:00-04:00,49037.0,49407.3984375,48518.5,49333.30078125,2909533,0.0,0.0,0.0
2021-05-21 00:00:00-04:00,48963.0,49185.19921875,48444.3984375,48592.6015625,3098506,0.0,0.0,0.0
2021-05-24 00:00:00-04:00,48592.6015625,48963.0,48148.1015625,48444.3984375,3184947,0.0,0.0,0.0
2021-05-25 00:00:00-04:00,48370.3984375,50222.19921875,48296.30078125,49925.8984375,3063015,0.0,0.0,0.0
2021-05-26 00:00:00-04:00,49925.8984375,50222.19921875,49777.80078125,50222.19921875,2090475,0.0,0.0,0.0
2021-05-27 00:00:00-04:00,50148.1015625,50222.19921875,49037.0,49481.5,2587302,0.0,0.0,0.0
2021-05-28 00:00:00-04:00,49703.69921875,49851.8984375,49037.0,49703.69921875,4068643,0.0,0.0,0.0
2021-06-01 00:00:00-04:00,54600.0,56300.0,54000.0,55500.0,3341340,0.0,0.0,0.0
2021-06-02 00:00:00-04:00,55000.0,55500.0,53000.0,54000.0,4000010,0.0,0.0,0.0
2021-06-03 00:00:00-04:00,54000.0,54600.0,53000.0,54300.0,3696990,0.0,0.0,0.0
2021-06-04 00:00:00-04:00,54500.0,55300.0,54300.0,54500.0,3167940,0.0,0.0,0.0
2021-06-07 00:00:00-04:00,54600.0,55000.0,52000.0,52700.0,34653300,0.0,0.0,0.0
2021-06-08 00:00:00-04:00,52700.0,52700.0,52700.0,52700.0,0,0.0,0.0,0.0
2021-06-09 00:00:00-04:00,49900.0,51400.0,49000.0,50300.0,40956800,0.0,0.0,0.0
2021-06-10 00:00:00-04:00,50200.0,52600.0,50000.0,51600.0,29312900,0.0,0.0,0.0
2021-06-11 00:00:00-04:00,52100.0,53200.0,51600.0,53100.0,29030300,0.0,0.0,0.0
2021-06-14 00:00:00-04:00,53500.0,54300.0,52800.0,53600.0,28587500,0.0,0.0,0.0
2021-06-15 00:00:00-04:00,53000.0,53600.0,52700.0,53200.0,21707700,0.0,0.0,0.0
2021-06-16 00:00:00-04:00,52800.0,53000.0,51500.0,51800.0,28929200,0.0,0.0,0.0
2021-06-17 00:00:00-04:00,50900.0,51900.0,50900.0,51400.0,20215900,0.0,0.0,0.0
2021-06-18 00:00:00-04:00,51900.0,53300.0,51400.0,52100.0,28992700,0.0,0.0,0.0
2021-06-21 00:00:00-04:00,52000.0,52500.0,51200.0,51200.0,22610800,0.0,0.0,0.0
2021-06-22 00:00:00-04:00,51500.0,52400.0,51200.0,51700.0,18459100,0.0,0.0,0.0
2021-06-29 00:00:00-04:00,52500.0,52600.0,51700.0,51800.0,19830300,0.0,0.0,0.0
2021-06-30 00:00:00-04:00,51900.0,52200.0,51400.0,51500.0,18899100,0.0,0.0,0.0
2021-07-01 00:00:00-04:00,51700.0,52900.0,51600.0,52800.0,39670000,0.0,0.0,0.0
2021-07-02 00:00:00-04:00,53000.0,53400.0,52200.0,52300.0,30058700,0.0,0.0,0.0
2021-07-06 00:00:00-04:00,52300.0,52300.0,52300.0,52300.0,0,0.0,0.0,0.0
2021-07-07 00:00:00-04:00,52300.0,52300.0,52300.0,52300.0,0,0.0,0.0,0.0
2021-07-08 00:00:00-04:00,52300.0,52300.0,52300.0,52300.0,0,0.0,0.0,0.0
2021-07-09 00:00:00-04:00,48500.0,49100.0,46000.0,47300.0,46892600,0.0,0.0,0.0
2021-07-12 00:00:00-04:00,47300.0,47300.0,47300.0,47300.0,0,0.0,0.0,0.0
2021-07-13 00:00:00-04:00,45500.0,46000.0,44550.0,45500.0,25498600,0.0,0.0,0.0
2021-07-14 00:00:00-04:00,45500.0,45500.0,45500.0,45500.0,0,0.0,0.0,0.0
2021-07-15 00:00:00-04:00,44600.0,46850.0,44600.0,46500.0,28546500,0.0,0.0,0.0
2021-07-16 00:00:00-04:00,46500.0,46500.0,46500.0,46500.0,0,0.0,0.0,0.0
2021-07-19 00:00:00-04:00,45650.0,45900.0,44000.0,44300.0,39426100,0.0,0.0,0.0
2021-07-20 00:00:00-04:00,45000.0,47300.0,44450.0,47300.0,40965600,0.0,0.0,0.0
2021-07-21 00:00:00-04:00,47500.0,47800.0,46600.0,46750.0,21335700,0.0,0.0,0.0
2021-07-22 00:00:00-04:00,46700.0,47700.0,46300.0,47200.0,21494600,0.0,0.0,0.0
2021-07-23 00:00:00-04:00,46800.0,47000.0,45800.0,45800.0,28904400,0.0,0.0,0.0
2021-07-26 00:00:00-04:00,45500.0,46100.0,44650.0,45600.0,23485200,0.0,0.0,0.0
2021-07-27 00:00:00-04:00,46000.0,46800.0,45700.0,46200.0,18206300,0.0,0.0,0.0
2021-07-28 00:00:00-04:00,46300.0,47100.0,46200.0,46700.0,21215200,0.0,0.0,0.0
2021-07-29 00:00:00-04:00,46950.0,47700.0,46800.0,47100.0,32783300,0.0,0.0,0.0
2021-07-30 00:00:00-04:00,47100.0,47600.0,47100.0,47300.0,23016300,0.0,0.0,0.0
2021-08-02 00:00:00-04:00,47300.0,47300.0,47300.0,47300.0,0,0.0,0.0,0.0
2021-08-03 00:00:00-04:00,47300.0,47650.0,46750.0,47250.0,28297300,0.0,0.0,0.0
2021-08-04 00:00:00-04:00,47250.0,47250.0,47250.0,47250.0,0,0.0,0.0,0.0
2021-08-05 00:00:00-04:00,47450.0,49000.0,47350.0,48800.0,29704100,0.0,0.0,0.0
2021-08-06 00:00:00-04:00,48600.0,49100.0,48300.0,48400.0,20101800,0.0,0.0,0.0
2021-08-09 00:00:00-04:00,48100.0,49700.0,47950.0,49700.0,30419600,0.0,0.0,0.0
2021-08-10 00:00:00-04:00,49700.0,49700.0,49700.0,49700.0,0,0.0,0.0,0.0
2021-08-11 00:00:00-04:00,49800.0,49800.0,48950.0,48950.0,21895900,0.0,0.0,0.0
2021-08-12 00:00:00-04:00,48900.0,49000.0,48400.0,48400.0,21547600,0.0,0.0,0.0
2021-08-13 00:00:00-04:00,48400.0,48700.0,47700.0,48650.0,25809500,0.0,0.0,0.0
2021-08-16 00:00:00-04:00,49000.0,49500.0,48950.0,49450.0,22222700,0.0,0.0,0.0
2021-08-17 00:00:00-04:00,49450.0,49450.0,49450.0,49450.0,0,0.0,0.0,0.0
2021-08-18 00:00:00-04:00,50500.0,50900.0,49900.0,50400.0,20163600,0.0,0.0,0.0
2021-08-19 00:00:00-04:00,50600.0,51300.0,50400.0,50900.0,27506300,0.0,0.0,0.0
2021-08-20 00:00:00-04:00,50800.0,51000.0,48200.0,49000.0,49333500,0.0,0.0,0.0
2021-08-23 00:00:00-04:00,49000.0,49000.0,47500.0,47500.0,32825800,0.0,0.0,0.0
2021-08-24 00:00:00-04:00,47600.0,48250.0,47500.0,47750.0,21929400,0.0,0.0,0.0
2021-08-25 00:00:00-04:00,47950.0,48500.0,47400.0,48400.0,16402800,0.0,0.0,0.0
2021-08-26 00:00:00-04:00,48600.0,48600.0,47550.0,47700.0,13857800,0.0,0.0,0.0
2021-08-27 00:00:00-04:00,47500.0,47850.0,46750.0,47600.0,24491000,0.0,0.0,0.0
2021-08-30 00:00:00-04:00,48000.0,48750.0,47650.0,48700.0,17004600,0.0,0.0,0.0
2021-08-31 00:00:00-04:00,49000.0,49700.0,48800.0,49300.0,25872600,0.0,0.0,0.0
2021-09-01 00:00:00-04:00,49000.0,49550.0,48900.0,49200.0,15066500,0.0,0.0,0.0
2021-09-02 00:00:00-04:00,49200.0,49200.0,49200.0,49200.0,0,0.0,0.0,0.0
2021-09-03 00:00:00-04:00,49200.0,49200.0,49200.0,49200.0,0,0.0,0.0,0.0
2021-09-07 00:00:00-04:00,51600.0,52000.0,50600.0,50700.0,31246800,0.0,0.0,0.0
2021-09-08 00:00:00-04:00,50700.0,50700.0,50700.0,50700.0,0,0.0,0.0,0.0
2021-09-09 00:00:00-04:00,51600.0,52400.0,51500.0,51900.0,36718200,0.0,0.0,0.0
2021-09-10 00:00:00-04:00,52000.0,52200.0,51400.0,51500.0,17217900,0.0,0.0,0.0
2021-09-13 00:00:00-04:00,51500.0,51500.0,50700.0,50800.0,27227400,0.0,0.0,0.0
2021-09-14 00:00:00-04:00,50800.0,51000.0,50200.0,50300.0,22432900,0.0,0.0,0.0
2021-09-15 00:00:00-04:00,50100.0,52000.0,49900.0,51600.0,25908900,0.0,0.0,0.0
2021-09-16 00:00:00-04:00,52000.0,52300.0,51300.0,51300.0,17982000,0.0,0.0,0.0
2021-09-17 00:00:00-04:00,51400.0,52000.0,51300.0,51800.0,24548600,0.0,0.0,0.0
2021-09-20 00:00:00-04:00,52400.0,52400.0,50900.0,51300.0,32328300,0.0,0.0,0.0
2021-09-21 00:00:00-04:00,51300.0,51300.0,51300.0,51300.0,0,0.0,0.0,0.0
2021-09-22 00:00:00-04:00,51300.0,51300.0,51300.0,51300.0,0,0.0,0.0,0.0
2021-09-23 00:00:00-04:00,51300.0,51900.0,50900.0,51000.0,17773400,0.0,0.0,0.0
2021-09-24 00:00:00-04:00,51000.0,51700.0,50800.0,50800.0,1588440000,0.0,0.0,0.0
2021-09-27 00:00:00-04:00,51400.0,52000.0,50800.0,50800.0,28469400,0.0,0.0,0.0
2021-09-28 00:00:00-04:00,50600.0,52700.0,50600.0,52600.0,35611100,0.0,0.0,0.0
2021-09-29 00:00:00-04:00,52700.0,53600.0,52600.0,53300.0,34898800,0.0,0.0,0.0
2021-09-30 00:00:00-04:00,53700.0,53700.0,52800.0,52900.0,23148500,0.0,0.0,0.0
2021-10-01 00:00:00-04:00,52900.0,53700.0,52700.0,53400.0,30478300,0.0,0.0,0.0
2021-10-04 00:00:00-04:00,53900.0,55900.0,53900.0,55500.0,4032,0.0,0.0,0.0
2021-10-05 00:00:00-04:00,55500.0,55900.0,55100.0,55300.0,26571500,0.0,0.0,0.0
2021-10-06 00:00:00-04:00,55300.0,55300.0,55300.0,55300.0,0,0.0,0.0,0.0
2021-10-07 00:00:00-04:00,56400.0,56700.0,55500.0,55600.0,26772300,0.0,0.0,0.0
2021-10-08 00:00:00-04:00,55600.0,55600.0,55600.0,55600.0,0,0.0,0.0,0.0
2021-10-11 00:00:00-04:00,55600.0,55600.0,55600.0,55600.0,0,0.0,0.0,0.0
2021-10-12 00:00:00-04:00,57300.0,57600.0,56800.0,57000.0,18107600,0.0,0.0,0.0
2021-10-13 00:00:00-04:00,57000.0,57400.0,56500.0,56800.0,15582700,0.0,0.0,0.0
2021-10-14 00:00:00-04:00,56800.0,56800.0,56800.0,56800.0,0,0.0,0.0,0.0
2021-10-15 00:00:00-04:00,57300.0,57700.0,57000.0,57300.0,18520000,0.0,0.0,0.0
2021-10-18 00:00:00-04:00,57300.0,57300.0,57300.0,57300.0,0,0.0,0.0,0.0
2021-10-19 00:00:00-04:00,57600.0,58000.0,57100.0,57200.0,23720900,0.0,0.0,0.0
2021-10-20 00:00:00-04:00,57400.0,57500.0,55800.0,56900.0,34660900,0.0,0.0,0.0
2021-10-21 00:00:00-04:00,57200.0,58200.0,56600.0,57200.0,39192300,0.0,0.0,0.0
2021-10-22 00:00:00-04:00,57400.0,57800.0,56700.0,56700.0,19849100,0.0,0.0,0.0
2021-10-25 00:00:00-04:00,56700.0,56700.0,56700.0,56700.0,0,0.0,0.0,0.0
2021-10-26 00:00:00-04:00,56700.0,56700.0,56700.0,56700.0,0,0.0,0.0,0.0
2021-10-27 00:00:00-04:00,56700.0,56700.0,56700.0,56700.0,0,0.0,0.0,0.0
2021-10-28 00:00:00-04:00,57900.0,58200.0,57300.0,58000.0,21923800,0.0,0.0,0.0
2021-10-29 00:00:00-04:00,58000.0,58100.0,57100.0,57100.0,23878000,0.0,0.0,0.0
2021-11-01 00:00:00-04:00,57100.0,57100.0,57100.0,57100.0,0,0.0,0.0,0.0
2021-11-02 00:00:00-04:00,55500.0,55500.0,55200.0,56400.0,25669500,0.0,0.0,0.0
2021-11-03 00:00:00-04:00,56200.0,56300.0,55300.0,55600.0,29867100,0.0,0.0,0.0
2021-11-04 00:00:00-04:00,55600.0,56900.0,55600.0,56300.0,14849100,0.0,0.0,0.0
2021-11-05 00:00:00-04:00,56300.0,57000.0,55700.0,56600.0,19377600,0.0,0.0,0.0
2021-11-08 00:00:00-05:00,56900.0,57000.0,56200.0,56800.0,21255400,0.0,0.0,0.0
2021-11-09 00:00:00-05:00,56800.0,57600.0,56400.0,56500.0,24717300,0.0,0.0,0.0
2021-11-10 00:00:00-05:00,56500.0,56600.0,55200.0,55300.0,43376600,0.0,0.0,0.0
2021-11-11 00:00:00-05:00,55000.0,55300.0,53600.0,54000.0,54292800,0.0,0.0,0.0
2021-11-12 00:00:00-05:00,53900.0,54800.0,53800.0,54600.0,20846900,0.0,0.0,0.0
2021-11-15 00:00:00-05:00,54500.0,54600.0,53300.0,53600.0,30647000,0.0,0.0,0.0
2021-11-16 00:00:00-05:00,53300.0,53600.0,52000.0,52000.0,39777000,0.0,0.0,0.0
2021-11-17 00:00:00-05:00,52000.0,52600.0,51400.0,51400.0,30002700,0.0,0.0,0.0
2021-11-18 00:00:00-05:00,51400.0,51400.0,49600.0,49950.0,58606300,0.0,0.0,0.0
2021-11-19 00:00:00-05:00,49600.0,49700.0,47900.0,48000.0,48471400,0.0,0.0,0.0
2021-11-22 00:00:00-05:00,48200.0,49200.0,48000.0,48650.0,22630400,0.0,0.0,0.0
2021-11-23 00:00:00-05:00,48900.0,49800.0,48600.0,49550.0,15649600,0.0,0.0,0.0
2021-11-24 00:00:00-05:00,49500.0,49700.0,48500.0,48650.0,27126800,0.0,0.0,0.0
2021-11-26 00:00:00-05:00,49300.0,49950.0,49000.0,49050.0,26729700,0.0,0.0,0.0
2021-11-29 00:00:00-05:00,48200.0,48900.0,48200.0,48400.0,21801500,0.0,0.0,0.0
2021-11-30 00:00:00-05:00,48950.0,49950.0,48500.0,48950.0,22176200,0.0,0.0,0.0
2021-12-01 00:00:00-05:00,49500.0,49500.0,48900.0,49000.0,13823900,0.0,0.0,0.0
2021-12-02 00:00:00-05:00,49200.0,49250.0,48600.0,48600.0,12832300,0.0,0.0,0.0
2021-12-03 00:00:00-05:00,48800.0,49150.0,47700.0,47700.0,21682500,0.0,0.0,0.0
2021-12-06 00:00:00-05:00,47500.0,47950.0,45500.0,45750.0,34633900,0.0,0.0,0.0
2021-12-07 00:00:00-05:00,46450.0,47600.0,46000.0,47600.0,21935200,0.0,0.0,0.0
2021-12-08 00:00:00-05:00,47900.0,47900.0,47050.0,47200.0,11108800,0.0,0.0,0.0
2021-12-09 00:00:00-05:00,46900.0,47300.0,46800.0,47100.0,10320400,0.0,0.0,0.0
2021-12-10 00:00:00-05:00,47050.0,47200.0,46400.0,46500.0,19427400,0.0,0.0,0.0
2021-12-13 00:00:00-05:00,46550.0,47150.0,46300.0,46550.0,14309600,0.0,0.0,0.0
2021-12-14 00:00:00-05:00,46550.0,49100.0,46200.0,47700.0,35676800,0.0,0.0,0.0
2021-12-15 00:00:00-05:00,48000.0,48600.0,47700.0,47800.0,9045500,0.0,0.0,0.0
2021-12-16 00:00:00-05:00,48100.0,48100.0,47300.0,47500.0,11030000,0.0,0.0,0.0
2021-12-17 00:00:00-05:00,47350.0,47550.0,46600.0,46700.0,22015600,0.0,0.0,0.0
2021-12-20 00:00:00-05:00,46700.0,47350.0,46500.0,46900.0,9986400,0.0,0.0,0.0
2021-12-21 00:00:00-05:00,46900.0,46950.0,46100.0,46100.0,17094400,0.0,0.0,0.0
2021-12-22 00:00:00-05:00,46300.0,46500.0,45100.0,45100.0,24665900,0.0,0.0,0.0
2021-12-23 00:00:00-05:00,45100.0,45100.0,44100.0,44950.0,26674000,0.0,0.0,0.0
2021-12-27 00:00:00-05:00,46550.0,46600.0,45550.0,45900.0,10675000,0.0,0.0,0.0
2021-12-28 00:00:00-05:00,45900.0,46700.0,45600.0,45800.0,12356700,0.0,0.0,0.0
2021-12-29 00:00:00-05:00,45800.0,46300.0,45500.0,45800.0,15118200,0.0,0.0,0.0
2021-12-30 00:00:00-05:00,46300.0,46300.0,45700.0,45700.0,10285000,0.0,0.0,0.0
2021-12-31 00:00:00-05:00,46000.0,46650.0,45850.0,46400.0,13781200,0.0,0.0,0.0
2022-01-04 00:00:00-05:00,46800.0,47200.0,46600.0,46750.0,20100700,0.0,0.0,0.0
2022-01-05 00:00:00-05:00,46900.0,47350.0,46800.0,46800.0,18760700,0.0,0.0,0.0
2022-01-06 00:00:00-05:00,46500.0,46700.0,46100.0,46100.0,17172700,0.0,0.0,0.0
2022-01-07 00:00:00-05:00,46100.0,46200.0,45650.0,45800.0,16335300,0.0,0.0,0.0
2022-01-10 00:00:00-05:00,45850.0,46650.0,45500.0,45650.0,17477500,0.0,0.0,0.0
2022-01-11 00:00:00-05:00,46050.0,46050.0,45100.0,45100.0,12758500,0.0,0.0,0.0
2022-01-12 00:00:00-05:00,45200.0,46250.0,45150.0,46200.0,14686700,0.0,0.0,0.0
2022-01-13 00:00:00-05:00,46300.0,47300.0,46200.0,46700.0,24990100,0.0,0.0,0.0
2022-01-14 00:00:00-05:00,46500.0,46850.0,46200.0,46250.0,7902000,0.0,0.0,0.0
2022-01-18 00:00:00-05:00,44500.0,45250.0,43000.0,44000.0,21441900,0.0,0.0,0.0
2022-01-19 00:00:00-05:00,44400.0,44550.0,43450.0,43500.0,17705400,0.0,0.0,0.0
2022-01-20 00:00:00-05:00,43800.0,44200.0,43300.0,44000.0,14665400,0.0,0.0,0.0
2022-01-21 00:00:00-05:00,44000.0,44450.0,43100.0,43300.0,16277300,0.0,0.0,0.0
2022-01-24 00:00:00-05:00,43100.0,43200.0,40700.0,40700.0,29425200,0.0,0.0,0.0
2022-01-25 00:00:00-05:00,40500.0,43300.0,40200.0,43250.0,17887600,0.0,0.0,0.0
2022-01-26 00:00:00-05:00,43500.0,44450.0,43450.0,43450.0,15205400,0.0,0.0,0.0
2022-01-27 00:00:00-05:00,43200.0,43500.0,42000.0,42150.0,14700800,0.0,0.0,0.0
2022-01-28 00:00:00-05:00,42250.0,42800.0,41700.0,42200.0,14941600,0.0,0.0,0.0
2022-01-31 00:00:00-05:00,42200.0,42200.0,42200.0,42200.0,0,0.0,0.0,0.0
2022-02-07 00:00:00-05:00,42800.0,43700.0,41800.0,43050.0,16609600,0.0,0.0,0.0
2022-02-08 00:00:00-05:00,43000.0,45550.0,43000.0,45550.0,26528800,0.0,0.0,0.0
2022-02-09 00:00:00-05:00,45800.0,48300.0,45700.0,47300.0,40297200,0.0,0.0,0.0
2022-02-10 00:00:00-05:00,47400.0,47900.0,46700.0,47000.0,23598200,0.0,0.0,0.0
2022-02-11 00:00:00-05:00,46600.0,47500.0,46300.0,47150.0,17343300,0.0,0.0,0.0
2022-02-14 00:00:00-05:00,46500.0,47500.0,46150.0,46200.0,18246700,0.0,0.0,0.0
2022-02-15 00:00:00-05:00,46200.0,46200.0,46200.0,46200.0,0,0.0,0.0,0.0
2022-02-16 00:00:00-05:00,46100.0,46500.0,45600.0,46000.0,9350300,0.0,0.0,0.0
2022-02-17 00:00:00-05:00,46000.0,46750.0,46000.0,46500.0,11353300,0.0,0.0,0.0
2022-02-18 00:00:00-05:00,46200.0,47650.0,46050.0,47050.0,21375700,0.0,0.0,0.0
2022-02-22 00:00:00-05:00,46300.0,46600.0,45700.0,46400.0,17669600,0.0,0.0,0.0
2022-02-23 00:00:00-05:00,46650.0,47200.0,46250.0,46700.0,12981100,0.0,0.0,0.0
2022-02-24 00:00:00-05:00,46750.0,46850.0,45100.0,46000.0,22445800,0.0,0.0,0.0
2022-02-25 00:00:00-05:00,46100.0,46350.0,45900.0,45900.0,12775700,0.0,0.0,0.0
2022-02-28 00:00:00-05:00,46050.0,47800.0,46050.0,47200.0,35200100,0.0,0.0,0.0
2022-03-01 00:00:00-05:00,47700.0,48100.0,46850.0,46900.0,23374000,0.0,0.0,0.0
2022-03-02 00:00:00-05:00,47000.0,47350.0,46600.0,46900.0,19896100,0.0,0.0,0.0
